Subject,Verb,Objects
มหาวิทยาลัยเว็บสเตอร์   (ประเทศไทย)   ( อังกฤษ :   Webster   University   Thailand )  ,เป็น,"['มหาวิทยาลัย', 'ของ', 'สหรัฐอเมริกา']"
มหาวิทยาลัยเว็บสเตอร์   (ประเทศไทย)   ( อังกฤษ :   Webster   University   Thailand )  ,เปิด,"['สาขา', 'ในประเทศ', 'ไทย']"
โดย,รับรอง,"['จาก', 'สำนักงาน', 'คณะกรรมการ', 'การอุดมศึกษา']"
เมื่อ วันที่   18   มิถุนายน   พ.ศ.   2540   โดย,สอน,"['ทั้ง', 'ใน', 'ระดับ', 'ปริญญาตรี', 'และ', 'บัณฑิตศึกษา']"
และ ได้,เลิกกิจการ,"['ตั้งแต่', 'วันที่', '31', 'ธันวาคม', '2564']"
วิทยาลัยพุทธศาสนานานาชาติ   ( อังกฤษ :   International   Buddhist   College )  ,เป็น,"['สถาบันอุดมศึกษาเอกชน', 'ในประเทศ', 'ไทย']"
วิทยาลัยพุทธศาสนานานาชาติ   ( อังกฤษ :   International   Buddhist   College )  ,ตั้งอยู่,"['ที่', 'อำเภอ', 'สะเดา', 'จังหวัด', 'สงขลา']"
และ,มี,"['ศูนย์', 'การศึกษา', 'โคราช']"
และ,ตั้งอยู่,"['ที่', 'อำเภอ', 'ปัก', 'ธงชัย', 'จังหวัด', 'นครราชสีมา', 'ก่อ']"
และ,ตั้งขึ้น,"['ในประเทศ', 'ไทย', 'เมื่อ', 'ปี', 'พ.ศ.', '2546']"
และ,จัด,"['การเรียน', 'การสอน', 'ด้าน', 'พระพุทธศาสนา', 'ใน', 'เชิง']"
และ,ลึก,"['ตาม', 'แนวคิด', 'ไม่']"
และ,แบ่งแยก,"['นิกาย', 'ใน', 'ระบบ', 'นานาชาติ', 'ทั้ง', 'ใน', 'ระดับ', 'ปริญญาตรี', 'ปริญญาโท', 'และ', 'ปริญญาเอก']"
สถาบันเทคโนโลยีไทย-ญี่ปุ่น   (ส. ท.ญ. )   ,เป็น,"['สถาบันอุดมศึกษาเอกชน', 'ก่อตั้ง']"
สถาบันเทคโนโลยีไทย-ญี่ปุ่น   (ส. ท.ญ. )   ,ส่งเสริม,"['เทคโนโลยี', 'ไทย', 'ญี่ปุ่น', 'ปี', 'พ.ศ.', '2549']"
สถาบันเทคโนโลยีไทย-ญี่ปุ่น   (ส. ท.ญ. )   ,เชี่ยวชาญ,['ใน']
สถาบันเทคโนโลยีไทย-ญี่ปุ่น   (ส. ท.ญ. )   ,จัด,"['อบรม', 'สัมมนา', 'ด้าน', 'เทคโนโลยี', 'และ']"
การ,ให้บริการ,"['สอบเทียบ', 'เครื่องมือวัด', 'ทางอุตสาหกรรม', 'และ']"
การ,วิเคราะห์,['สิ่งแวดล้อม']
การ,สอน,['ภาษาต่างประเทศ']
การ,จัด,"['พิมพ์หนังสือ', 'และ', 'วารสาร', 'ทาง', 'ด้าน', 'เทคโนโลยี', 'และ']"
การ,จัดการ,"['ๆ', 'และ']"
การ,ให้คำปรึกษา,"['แก่', 'สถานประกอบการ', 'ใน', 'ภาคอุตสาหกรรม']"
วิทยาลัยเทคโนโลยีพนมวันท์   ( Phanomwan   College   of   Technology )  ,เป็น,"['สถาบันอุดมศึกษาเอกชน', 'ในประเทศ', 'ไทย']"
วิทยาลัยเทคโนโลยีพนมวันท์   ( Phanomwan   College   of   Technology )  ,ตั้งอยู่,"['ที่', 'ถนน', 'มิตรภาพ', 'ตำบล', 'บ้านโพธิ์', 'อำเภอ', 'เมือง', 'นครราชสีมา']"
จังหวัด นครราชสีมา   ก่อ,ตั้งขึ้น,"['วันที่', '21', 'พฤศจิกายน', 'พ.ศ.', '2550', 'ปัจจุบัน']"
ดร. พิสิษฐ์   ศิ ริ รักษ์  ,เป็น,"['อธิการบดี', 'และ', 'ศาสตรา']"
ดร. พิสิษฐ์   ศิ ริ รักษ์  ,จาร,"['ย', 'ดร.', 'บุญ']"
ดอก ไธสง  ,เป็น,"['นายก', 'สภา', 'วิทยาลัย']"
สถาบันการเรียนรู้เพื่อปวงชน   หรือ   มหาวิทยาลัย ชีวิต   ( อังกฤษ :   Learning   Institute   For   Everyone   -   LIFE )  ,เป็น,"['สถาบันอุดมศึกษาเอกชน', 'ในประเทศ', 'ไทย']"
สถาบันการเรียนรู้เพื่อปวงชน   หรือ   มหาวิทยาลัย ชีวิต   ( อังกฤษ :   Learning   Institute   For   Everyone   -   LIFE )  ,มี,"['สำนักงาน', 'สถาบัน']"
สถาบันการเรียนรู้เพื่อปวงชน   หรือ   มหาวิทยาลัย ชีวิต   ( อังกฤษ :   Learning   Institute   For   Everyone   -   LIFE )  ,ตั้งอยู่,"['ที่', '13', '2', 'หมู่', '1', 'ตำบล', 'คนที']"
จังหวัด สมุทรสงคราม   ได้รับอนุญาต จาก กระทรวงศึกษาธิการ เมื่อ วันที่   31   สิงหาคม   พ.ศ.   2553  ,สอน,"['ใน', 'ระดับ', 'ปริญญาตรี', 'และ', 'ระดับ', 'ปริญญาโท']"
ปัจจุบัน สถาบัน ได้,เปิด,"['ศูนย์', 'การเรียนรู้']"
ปัจจุบัน สถาบัน ได้,ปวงชน,"['ใน', 'ภาค', '30', 'จังหวัด']"
ปัจจุบัน สถาบัน ได้,มี,"['นักศึกษา', '  ', '6,000', 'คน']"
สถาบันเทคโนโลยีแห่งสุวรรณภูมิ   ( อังกฤษ :   Suvarnabhumi   Institute   Of   Technology )   ,เป็น,"['สถาบัน', 'อุดมศึกษา', 'แห่ง', 'แรก', 'ของ', 'โรงเรียน']"
สถาบันเทคโนโลยีแห่งสุวรรณภูมิ   ( อังกฤษ :   Suvarnabhumi   Institute   Of   Technology )   ,ในเครือ,"['สาร', 'สาสน์']"
สถาบันเทคโนโลยีแห่งสุวรรณภูมิ   ( อังกฤษ :   Suvarnabhumi   Institute   Of   Technology )   ,เป็น,"['โรงเรียน', 'สอง', 'ภาษา', 'ที่อยู่', 'แถวหน้า', 'ของ', 'การผลิต', 'นักเรียน']"
สถาบันเทคโนโลยีแห่งสุวรรณภูมิ   ( อังกฤษ :   Suvarnabhumi   Institute   Of   Technology )   ,มี,"['ศักยภาพ', 'ด้าน']"
สถาบันเทคโนโลยีแห่งสุวรรณภูมิ   ( อังกฤษ :   Suvarnabhumi   Institute   Of   Technology )   ,ใช้,"['ภาษาต่างประเทศ', 'ภาษาอังกฤษ']"
สถาบันเทคโนโลยีแห่งสุวรรณภูมิ   ( อังกฤษ :   Suvarnabhumi   Institute   Of   Technology )   ,ควบคู่,"['กับ', 'ความรู้', 'ทางวิชาการ', 'สาขา', 'ตั้งแต่', 'ปี', 'พ.ศ.', '2507', 'ปัจจุบัน']"
สถาบันเทคโนโลยีแห่งสุวรรณภูมิ   ( อังกฤษ :   Suvarnabhumi   Institute   Of   Technology )   ,ขยาย,"['โอกาส', 'ทาง', 'การศึกษา', 'สู่', 'ระดับ', 'อุดมศึกษา']"
สถาบันเทคโนโลยีแห่งสุวรรณภูมิ   ( อังกฤษ :   Suvarnabhumi   Institute   Of   Technology )   ,เป็น,"['“', 'สถาบันเทคโนโลยีแห่งสุวรรณภูมิ', '”', 'SUVARNABHUMI', 'INSTITUTE', 'OF', 'TECHNOLOGY']"
สถาบันเทคโนโลยีแห่งสุวรรณภูมิ   ( อังกฤษ :   Suvarnabhumi   Institute   Of   Technology )   ,เป็น,"['สถาบันอุดมศึกษาเอกชน', 'ในประเทศ', 'ไทย']"
สถาบันเทคโนโลยีแห่งสุวรรณภูมิ   ( อังกฤษ :   Suvarnabhumi   Institute   Of   Technology )   ,ตั้งอยู่,"['ที่', 'ตำบล', 'พลี']"
จังหวัด สมุทรปราการ   ก่อ,ตั้งขึ้น,"['ปี', 'พ.ศ.', '2558']"
จังหวัด สมุทรปราการ   ก่อ,เป็น,"['สถาบันอุดมศึกษาเอกชน', 'แห่ง', '4', 'ของ', 'จังหวัด', 'สมุทรปราการ']"
ดร. สุทธิ พงศ์   ยงค์ กมล  ,เป็น,"['นายก', 'สภา', 'สถาบัน']"
ดร. สยมพร   ทอง เนื้อ,เป็น,"['อธิการบดี', 'ด้วย', 'ปณิธาน', 'และ', 'ความมุ่งมั่น', 'ใน']"
ดร. สยมพร   ทอง เนื้อ,จัด,['การเรียน']
ดร. สยมพร   ทอง เนื้อ,การสอน,"['ภาษาอังกฤษ', 'และ', 'ความรู้', 'วิชาการ', 'สาขา']"
ดร. สยมพร   ทอง เนื้อ,มี,"['คุณภาพ', 'เพื่อ']"
ดร. สยมพร   ทอง เนื้อ,เสริม,"['จุดแข็ง', 'กับ', 'นักศึกษา', 'ของ', '“', 'สถาบันเทคโนโลยีแห่งสุวรรณภูมิ', '”']"
ดร. สยมพร   ทอง เนื้อ,คู่ขนาน,"['กับ', 'ทักษะ']"
ดร. สยมพร   ทอง เนื้อ,เฉพาะ,"['ทางเทคโนโลยี', 'และ', 'นวัตกรรม', 'รวมทั้ง', 'ทักษะ', 'ทาง', 'วิชาชีพ', 'ตาม', 'สาขาวิชา']"
ดร. สยมพร   ทอง เนื้อ,สร้าง,"['อัตลักษณ์', 'ของ', 'สถานศึกษา']"
ดร. สยมพร   ทอง เนื้อ,โดดเด่น,"['ใน', 'เรื่อง', 'ความรู้', 'ความสามารถ', 'ทางวิชาการ', 'และ', 'วิชาชีพ']"
ดร. สยมพร   ทอง เนื้อ,ถือเป็น,['รากฐาน']
ดร. สยมพร   ทอง เนื้อ,สำคัญ,['ของ']
ดร. สยมพร   ทอง เนื้อ,สร้าง,"['คุณค่า', 'และ']"
ดร. สยมพร   ทอง เนื้อ,มูลค่า,"['กับ', 'นักศึกษา', 'ใน', 'สถาบันเทคโนโลยีแห่งสุวรรณภูมิ', '     ', '\n', 'ปัจจุบัน', 'สถาบันเทคโนโลยีแห่งสุวรรณภูมิ']"
ดร. สยมพร   ทอง เนื้อ,สอน,"['ใน', 'หลักสูตร']"
ดร. สยมพร   ทอง เนื้อ,เป็น,"['กลุ่ม', 'หลักสูตร', 'ระดับ', 'ปริญญาตรี']"
ดร. สยมพร   ทอง เนื้อ,ประกอบด้วย,"['หลักสูตร', 'วิศวกรรมศาสตรบัณฑิต', 'สาขา', 'ความปลอดภัย', 'หลักสูตร', 'บริหารธุรกิจบัณฑิต', 'และ', 'บริหารธุรกิจบัณฑิต', 'หลักสูตร', 'นานาชาติ', 'หลักสูตร', 'บัญชีบัณฑิต', 'และ', 'รัฐประศาสนศาสตรบัณฑิต']"
ส่วน หลักสูตร ปริญญาโท  ,ประกอบด้วย,"['บริหารธุรกิจมหาบัณฑิต', 'รัฐประศาสนศาสตรมหาบัณฑิต', 'และ']"
ส่วน หลักสูตร ปริญญาโท  ,ศึกษา,"['ศาสตร', 'มหาบัณฑิต']"
นอกจากนี้ ยัง,ขยาย,"['พื้นที่', 'ยัง', 'วิทยาเขต', 'พระราม', '2', '  ', 'จังหวัด', 'สมุทรสาคร']"
นอกจากนี้ ยัง,สอน,"['สาขา', 'อาทิ', 'สาขา', 'อุตสาห', 'กรรมการ']"
นอกจากนี้ ยัง,แปรรูป,"['อาหาร', 'สาขา', 'วิศวกรรม', 'โลจิสติกส์', 'และ']"
นอกจากนี้ ยัง,จัดการ,"['ห่วง', 'โซ่', 'อุปทาน', 'สาขา', 'การศึกษา', 'ปฐมวัย', 'สาขา', 'หลักสูตร', 'และ']"
นอกจากนี้ ยัง,จัด,"['การเรียนรู้', 'และ', 'สาขา', 'ดุริยางคศาสตร์', '\n', '  ']"
สถาบันเทคโนโลยีแห่งสุวรรณภูมิ,ยังมี,['ความมุ่งมั่น']
สถาบันเทคโนโลยีแห่งสุวรรณภูมิ,สอน,"['หลักสูตร', 'สาขา']"
สถาบันเทคโนโลยีแห่งสุวรรณภูมิ,ตอบ,"['โจทย์', 'การพัฒนา', 'ประเทศ', 'ภูมิภาค', 'และ', 'ชุมชน', '  ', 'ด้วย']"
สถาบันเทคโนโลยีแห่งสุวรรณภูมิ,ผลิต,['บัณฑิต']
สถาบันเทคโนโลยีแห่งสุวรรณภูมิ,มี,"['ทักษะ', 'และ', 'ศักยภาพ', 'ด้าน']"
สถาบันเทคโนโลยีแห่งสุวรรณภูมิ,ใช้,"['ภาษาสากล', 'ภาษาอังกฤษ']"
สถาบันเทคโนโลยีแห่งสุวรรณภูมิ,ควบคู่,"['กับ', 'ความรู้', 'ทางวิชาการ', 'สาขา', 'ต่าง ๆ', 'ทั้ง']"
สถาบันเทคโนโลยีแห่งสุวรรณภูมิ,สนับสนุน,['คณาจารย์']
สถาบันเทคโนโลยีแห่งสุวรรณภูมิ,ผลิต,"['ผลงาน', 'ทางวิชาการ', 'ใน', 'สาขา', 'โดยเฉพาะ', 'ด้าน']"
สถาบันเทคโนโลยีแห่งสุวรรณภูมิ,สนับสนุน,"['การพัฒนา', 'ประเทศ', 'ใน', 'ระดับ', 'ชุมชน', 'ภูมิภาค', 'และ', 'ระดับ', 'ประเทศ']"
สถาบันวิทยสิริเมธี   ( อังกฤษ :   Vidyasirimedhi   Institute   of   Science   and   Technology :   VISTEC )  ,เป็น,"['graduate', 'research', 'intensive', 'university']"
สถาบันวิทยสิริเมธี   ( อังกฤษ :   Vidyasirimedhi   Institute   of   Science   and   Technology :   VISTEC )  ,ตั้งอยู่,"['ใน', 'พื้นที่', 'วัง']"
สถาบันวิทยสิริเมธี   ( อังกฤษ :   Vidyasirimedhi   Institute   of   Science   and   Technology :   VISTEC )  ,จันทร์,"['วัลเลย์', 'ตำบล']"
สถาบันวิทยสิริเมธี   ( อังกฤษ :   Vidyasirimedhi   Institute   of   Science   and   Technology :   VISTEC )  ,ยุบ,"['ใน', 'อำเภอ', 'วัง', 'จันทร์', 'จังหวัด', 'ระยอง', 'ประเทศ', 'ไทย']"
ก่อ,ตั้งขึ้น,"['ปี', 'พ.ศ.', '2558']"
ก่อ,มูลนิธิ,"['พลัง', 'สร้างสรรค์', 'นวัตกรรม', 'Power', 'of', 'Innovation', 'Foundation', 'PIN', 'ชื่อ']"
มูลนิธิ สถาบัน วิทยาศาสตร์ และ เทคโนโลยี ระยอง )   ตาม โครงการ,จัดตั้ง,"['สถาบัน', 'อุดมศึกษา', 'และ', 'โรงเรียน', 'วิทยาศาสตร์', 'กลุ่ม', 'ปตท.', 'พื้นที่', 'ภาค', 'ตะวันออก', 'ด้วย', 'วิสัยทัศน์']"
มูลนิธิ สถาบัน วิทยาศาสตร์ และ เทคโนโลยี ระยอง )   ตาม โครงการ,สำคัญ,"['ของ', 'ดร.', 'ไพรินทร์', 'ชู', 'โชติ']"
คน แรก   ที่,มุ่งหวัง,"['สถาบัน', 'ติดอันดับ', '1', 'ใน', '50', 'ของ', 'มหาวิทยาลัย']"
คน แรก   ที่,วิจัย,"['ชั้นนำ', 'ระดับโลก', '\n', 'ปัจจุบัน', 'VISTEC']"
คน แรก   ที่,มี,"['นาย', 'อานันท์', 'ปัน']"
คน แรก   ที่,ยา,"['ร', 'ชุน', 'ดำรงตำแหน่ง', 'ประธาน', 'ที่ปรึกษา', 'นโยบาย', 'สถาบันวิทยสิริเมธี']"
ดร. ไพรินทร์   ชู โชติ,ถาวร,"['ดำรงตำแหน่ง', 'นายก', 'สภา', 'สถาบันวิทยสิริเมธี', 'และ', 'ศาสตราจารย์', 'ดร.', 'จำรัส', 'ลิ้ม', 'ตระกูล', 'ดำรงตำแหน่ง', 'อธิการบดี', 'สถาบันวิทยสิริเมธี', 'VISTEC']"
ดร. ไพรินทร์   ชู โชติ,จัด,"['การศึกษา', 'ด้าน', 'วิทยาศาสตร์', 'วิศวกรรมศาสตร์', 'และ', 'เทคโนโลยี']"
โดย,มี,['ศูนย์']
โดย,วิจัย,"['วิทยาศาสตร์', 'และ', 'เทคโนโลยี', 'ชั้นแนวหน้า', 'Frontier', 'Research', 'Center']"
โดย,เป็น,"['ศูนย์กลาง', 'ใน']"
โดย,เสริมสร้าง,"['ความเข้มแข็ง', 'ทาง', 'การวิจัย', 'และ', 'ให้การ']"
โดย,สนับสนุน,"['ด้าน', 'ทุน', 'การวิจัย', 'แก่', 'สถาบัน']"
โดย,เป็น,"['ศูนย์รวม', 'นักวิจัย']"
โดย,ดำเนินงาน,"['ด้าน', 'การศึกษา']"
โดย,สร้าง,['นวัตกรรม']
โดย,สร้าง,"['ความร่วมมือ', 'ทาง', 'ด้าน']"
โดย,วิจัย,"['กับ', 'สถาบันการศึกษา']"
จุฬาลงกรณ์มหาวิทยาลัย   ( อังกฤษ :   Chulalongkorn   University ;   อักษรย่อ :   จฬ.   หรือ   จุฬาฯ   –   CU   or   Chula )  ,เป็น,"['มหาวิทยาลัย', 'และ', 'สถาบัน', 'อุดมศึกษา', 'แห่ง', 'แรก', 'ของ', 'ประเทศ', 'ไทย']"
จุฬาลงกรณ์มหาวิทยาลัย   ( อังกฤษ :   Chulalongkorn   University ;   อักษรย่อ :   จฬ.   หรือ   จุฬาฯ   –   CU   or   Chula )  ,ตั้งอยู่,"['ใน', 'เขต', 'ปทุม', 'วัน', 'กรุงเทพมหานคร', 'ถือกำเนิด', 'จาก', 'โรงเรียน', 'สำหรับ', 'ฝึกหัด', 'วิชา', 'ข้าราชการ', 'ฝ่าย', 'พลเรือน', 'พระบาทสมเด็จพระจุลจอมเกล้าเจ้าอยู่หัว', 'โปรดเกล้าฯ']"
จุฬาลงกรณ์มหาวิทยาลัย   ( อังกฤษ :   Chulalongkorn   University ;   อักษรย่อ :   จฬ.   หรือ   จุฬาฯ   –   CU   or   Chula )  ,ก่อตั้ง,"['วันที่', '30', 'มีนาคม', 'พ.ศ.', '2442']"
จุฬาลงกรณ์มหาวิทยาลัย   ( อังกฤษ :   Chulalongkorn   University ;   อักษรย่อ :   จฬ.   หรือ   จุฬาฯ   –   CU   or   Chula )  ,มี,['พระ']
จุฬาลงกรณ์มหาวิทยาลัย   ( อังกฤษ :   Chulalongkorn   University ;   อักษรย่อ :   จฬ.   หรือ   จุฬาฯ   –   CU   or   Chula )  ,เป็น,['เครื่องหมาย']
จุฬาลงกรณ์มหาวิทยาลัย   ( อังกฤษ :   Chulalongkorn   University ;   อักษรย่อ :   จฬ.   หรือ   จุฬาฯ   –   CU   or   Chula )  ,ประจำ,"['โรงเรียน', 'พ.ศ.', '2459']"
จุฬาลงกรณ์มหาวิทยาลัย   ( อังกฤษ :   Chulalongkorn   University ;   อักษรย่อ :   จฬ.   หรือ   จุฬาฯ   –   CU   or   Chula )  ,นับ,['แบบ']
จุฬาลงกรณ์มหาวิทยาลัย   ( อังกฤษ :   Chulalongkorn   University ;   อักษรย่อ :   จฬ.   หรือ   จุฬาฯ   –   CU   or   Chula )  ,เก่า,"['พระบาทสมเด็จพระมงกุฎเกล้าเจ้าอยู่หัว', 'ทรง', 'ประดิษฐาน']"
จุฬาลงกรณ์มหาวิทยาลัย   ( อังกฤษ :   Chulalongkorn   University ;   อักษรย่อ :   จฬ.   หรือ   จุฬาฯ   –   CU   or   Chula )  ,เป็น,"['มหาวิทยาลัย', 'และ', 'พระราชทาน', 'นาม', 'จุฬาลงกรณ์มหาวิทยาลัย', 'จุฬาลงกรณ์มหาวิทยาลัย']"
จุฬาลงกรณ์มหาวิทยาลัย   ( อังกฤษ :   Chulalongkorn   University ;   อักษรย่อ :   จฬ.   หรือ   จุฬาฯ   –   CU   or   Chula )  ,เป็น,"['มหาวิทยาลัย', 'อันดับ', 'ต้น', 'ๆ', 'ของ', 'ประเทศ', 'ไทย']"
และ,เป็น,"['มหาวิทยาลัย', 'อันดับ', '1', 'โดย']"
และ,จัดอันดับ,['สำนัก']
หนึ่ง ใน มหาวิทยาลัย,วิจัย,"['แห่งชาติ', 'ตั้งแต่', 'ปี', 'พ.ศ.', '2552', 'และ']"
หนึ่ง ใน มหาวิทยาลัย,รับรอง,"['มาตรฐาน', 'การศึกษา', 'ใน', 'ระดับ']"
หนึ่ง ใน มหาวิทยาลัย,ดีมาก,"['จาก', 'สำนักงาน', 'รับรอง', 'มาตรฐาน', 'และ']"
หนึ่ง ใน มหาวิทยาลัย,ประเมิน,"['คุณภาพ', 'การศึกษา', '(สม', 'ศ.']"
หนึ่ง ใน มหาวิทยาลัย,เป็นสมาชิก,"['เครือข่าย', 'มหาวิทยาลัย', 'อาเซียน', 'AUN', 'และ']"
หนึ่ง ใน มหาวิทยาลัย,เป็น,['มหาวิทยาลัย']
หนึ่ง ใน มหาวิทยาลัย,เป็นสมาชิก,"['ของ', 'สมาคม', 'มหาวิทยาลัย', 'ภาคพื้น', 'แปซิฟิก', 'APRU', 'ใน', 'ส่วน', 'ของ']"
หนึ่ง ใน มหาวิทยาลัย,ได้รับ,['บุคคล']
หนึ่ง ใน มหาวิทยาลัย,ศึกษา,"['ใน', 'สถาบัน', 'อุดมศึกษา']"
หนึ่ง ใน มหาวิทยาลัย,พบ,['ผู้สมัครสอบ']
หนึ่ง ใน มหาวิทยาลัย,รวม,"['ใน', 'ปี']"
หนึ่ง ใน มหาวิทยาลัย,เลือก,['เข้า']
หนึ่ง ใน มหาวิทยาลัย,ศึกษา,"['ต่อ', 'ใน', 'จุฬาลงกรณ์มหาวิทยาลัย', 'ปัจจุบัน', 'จุฬาลงกรณ์มหาวิทยาลัย']"
หนึ่ง ใน มหาวิทยาลัย,ประกอบด้วย,"['19', '1', 'สำนัก', 'วิชา']"
หนึ่ง ใน มหาวิทยาลัย,ครอบคลุม,"['สาขา', 'วิทยาศาสตร์', 'และ', 'เทคโนโลยี']"
และ,มี,"['หน่วยงาน', 'วิทยาลัย', '3', 'แห่ง', 'บัณฑิต', 'วิทยาลัย', '1', 'แห่ง', 'สถาบัน', '14', 'แห่ง', 'และ', 'สถาบัน', 'สมทบ', '2', 'สถาบัน', 'จำนวน', 'หลักสูตร']"
และ,รวม,"['506', 'หลักสูตร', 'ประกอบด้วย', 'ระดับ', 'ปริญญาตรี', '113', 'หลักสูตร', 'ระดับ', 'บัณฑิตศึกษา', '393', 'หลักสูตร', 'ใน', 'จำนวน']"
และ,เป็น,"['หลักสูตร', 'นานาชาติ', 'และ', 'หลักสูตร', 'ภาษาอังกฤษ', '87', 'หลักสูตร']"
มหาวิทยาลัยเกษตรศาสตร์   ( อังกฤษ :   Kasetsart   University ;   อักษรย่อ :   มก.   –   KU )  ,เป็น,"['มหาวิทยาลัย', 'ของ', 'รัฐ', 'แห่ง', 'แรก', 'ของ', 'ประเทศ', 'ไทย']"
มหาวิทยาลัยเกษตรศาสตร์   ( อังกฤษ :   Kasetsart   University ;   อักษรย่อ :   มก.   –   KU )  ,สอน,"['หลักสูตร', 'ทาง', 'ด้าน', 'การเกษตร', 'ก่อ']"
มหาวิทยาลัยเกษตรศาสตร์   ( อังกฤษ :   Kasetsart   University ;   อักษรย่อ :   มก.   –   KU )  ,ตั้งขึ้น,"['เป็นลำดับ', '3', 'ของ', 'ประเทศ']"
แรกเริ่ม,เป็น,"['โรงเรียน', 'ช่าง', 'ไหม']"
ก่อ,ตั้งขึ้น,"['ใน', 'ปี', 'พ.ศ.', '2447']"
ก่อ,เปลี่ยน,['ชื่อ']
ก่อ,เป็น,['โรงเรียน']
หลังจากนั้น,รวม,"['เข้ากับ', 'โรงเรียน']"
หลังจากนั้น,แผนที่,"['และ', 'โรงเรียน', 'กรม', 'คลอง']"
หลังจากนั้น,เป็น,"['โรงเรียน', 'เกษตราธิการ', 'และ']"
หลังจากนั้น,รวม,"['เข้ากับ', 'โรงเรียน', 'ข้าราชการ', 'พล', 'เร', 'ีอนฯ']"
ใน ปี   พ.ศ.   2456   ต่อมา,ก่อตั้ง,"['ใน', 'ปี', 'พ.ศ.', '2460', 'ในนาม', 'โรงเรียน']"
ใน ปี   พ.ศ.   2456   ต่อมา,ฝึกหัด,"['ครู', 'ประถม', 'กสิกรรม']"
ใน ปี   พ.ศ.   2456   ต่อมา,เปลี่ยน,['ชื่อ']
ใน ปี   พ.ศ.   2456   ต่อมา,เป็น,"['โรงเรียนมัธยม', 'วิสามัญ', 'เกษตรกรรม', 'และ']"
ใน ปี   พ.ศ.   2456   ต่อมา,เป็น,"['วิทยาลัย', 'เกษตรศาสตร์', 'ถัด', 'จากนั้นมา']"
รัฐบาล ได้,ปรับปรุง,['และ']
รัฐบาล ได้,รวม,"['กิจการ', 'ของ', 'วิทยาลัย', 'เกษตรศาสตร์']"
บาง เขน   กับ โรงเรียน วนศาสตร์   จังหวัด แพร่   และ สถาปนา,เป็น,"['มหาวิทยาลัยเกษตรศาสตร์', 'ใน', 'ปี', 'พ.ศ.', '2486', 'ระยะแรก', 'มหาวิทยาลัยเกษตรศาสตร์']"
บาง เขน   กับ โรงเรียน วนศาสตร์   จังหวัด แพร่   และ สถาปนา,สอน,"['เฉพาะ', 'ด้าน', 'การเกษตร', 'แต่']"
บาง เขน   กับ โรงเรียน วนศาสตร์   จังหวัด แพร่   และ สถาปนา,ขยาย,['สาขาวิชา']
บาง เขน   กับ โรงเรียน วนศาสตร์   จังหวัด แพร่   และ สถาปนา,ครอบคลุม,"['ทั้ง', 'เกษตรศาสตร์', 'วิทยาศาสตร์', 'วิทยาศาสตร์', 'สุขภาพ', 'วิศวกรรมศาสตร์', 'ศึกษาศาสตร์', 'สังคมศาสตร์', 'มนุษยศาสตร์', 'บริหารธุรกิจ', 'และ', 'งาน']"
ปัจจุบัน   มหาวิทยาลัยเกษตรศาสตร์ อยู่ ภายใต้ บังคับ พระราชบัญญัติ มหาวิทยาลัยเกษตรศาสตร์   พ.ศ.   2558   ซึ่ง,มี,['สภาพ']
ปัจจุบัน   มหาวิทยาลัยเกษตรศาสตร์ อยู่ ภายใต้ บังคับ พระราชบัญญัติ มหาวิทยาลัยเกษตรศาสตร์   พ.ศ.   2558   ซึ่ง,เป็น,"['มหาวิทยาลัย', 'ใน', 'กำกับ', 'ของ', 'รัฐ', '\n', 'การประเมิน', 'ของ', 'สำนักงาน', 'กองทุน']"
ปัจจุบัน   มหาวิทยาลัยเกษตรศาสตร์ อยู่ ภายใต้ บังคับ พระราชบัญญัติ มหาวิทยาลัยเกษตรศาสตร์   พ.ศ.   2558   ซึ่ง,สนับสนุน,"['การวิจัย', 'สกว.']"
ปัจจุบัน   มหาวิทยาลัยเกษตรศาสตร์ อยู่ ภายใต้ บังคับ พระราชบัญญัติ มหาวิทยาลัยเกษตรศาสตร์   พ.ศ.   2558   ซึ่ง,จัด,"['การประเมิน', 'คุณภาพ', 'ผลงานวิจัย', 'เชิง', 'วิชาการ', 'ด้าน', 'วิทยาศาสตร์', 'และ', 'เทคโนโลยี', 'ของ', 'สถาบัน', 'อุดมศึกษา', 'ผล']"
ปัจจุบัน   มหาวิทยาลัยเกษตรศาสตร์ อยู่ ภายใต้ บังคับ พระราชบัญญัติ มหาวิทยาลัยเกษตรศาสตร์   พ.ศ.   2558   ซึ่ง,ปรากฏ,"['ใน', 'การประเมิน', '3', 'มหาวิทยาลัยเกษตรศาสตร์']"
ปัจจุบัน   มหาวิทยาลัยเกษตรศาสตร์ อยู่ ภายใต้ บังคับ พระราชบัญญัติ มหาวิทยาลัยเกษตรศาสตร์   พ.ศ.   2558   ซึ่ง,ได้รับ,"['การประเมิน', 'ใน', 'ระดับ']"
ปัจจุบัน   มหาวิทยาลัยเกษตรศาสตร์ อยู่ ภายใต้ บังคับ พระราชบัญญัติ มหาวิทยาลัยเกษตรศาสตร์   พ.ศ.   2558   ซึ่ง,ดีมาก,"['ใน', 'สาขา', 'วิชาการ']"
ปัจจุบัน   มหาวิทยาลัยเกษตรศาสตร์ อยู่ ภายใต้ บังคับ พระราชบัญญัติ มหาวิทยาลัยเกษตรศาสตร์   พ.ศ.   2558   ซึ่ง,จัดการ,"['ศัตรูพืช', 'Pest', 'Management', 'จาก', 'ภาควิชา', 'กีฏวิทยา', 'คณะ', 'เกษตร']"
อีก ทั้ง ยัง,เป็น,"['1', 'ใน', '9', 'มหาวิทยาลัย']"
อีก ทั้ง ยัง,วิจัย,"['แห่งชาติ', 'จาก', 'กระทรวงศึกษาธิการ', 'ใน', 'ปี', 'พ.ศ.', '2552', 'ปัจจุบัน']"
มหาวิทยาลัยเกษตรศาสตร์,มี,"['3', 'วิทยาเขต', 'ได้แก่', 'วิทยาเขต', 'กำแพง', 'แสน', 'วิทยาเขต', 'ศรีราชา', 'และ', 'วิทยาเขต', 'เฉลิมพระเกียรติ', 'จังหวัด', 'สกลนคร', 'ทั้ง', 'ยังมี', 'โครงการ']"
มหาวิทยาลัยเกษตรศาสตร์,จัดตั้ง,"['วิทยาเขต', 'สุพรรณบุรี', 'หนึ่ง', 'แห่ง', 'ด้วย']"
มหาวิทยาลัยเกษตรศาสตร์,เปิด,"['การสอน', '29', '2', 'วิทยาลัย', 'และ', 'สถาบัน', 'สมทบ', '2', 'แห่ง']"
มหาวิทยาลัยเกษตรศาสตร์,มี,"['หลักสูตร', '583', 'หลักสูตร']"
มหาวิทยาลัยเกษตรศาสตร์,เป็น,"['หลักสูตร', 'นานาชาติ', '42', 'หลักสูตร']"
นอกจากนี้   ยัง ได้,จัดตั้ง,"['สถาบันวิจัย', 'ตาม', 'จังหวัด', 'ต่าง ๆ', 'แห่ง']"
นอกจากนี้   ยัง ได้,ดำเนิน,"['การวิจัย', 'ใน', 'ศาสตร์', 'ต่าง ๆ']"
มหาวิทยาลัยเชียงใหม่   ( อังกฤษ :   Chiang   Mai   University ;   อักษรย่อ :   มช.   –   CMU )  ,เป็น,"['มหาวิทยาลัย', 'ของ', 'รัฐ', 'แห่ง', 'แรก']"
มหาวิทยาลัยเชียงใหม่   ( อังกฤษ :   Chiang   Mai   University ;   อักษรย่อ :   มช.   –   CMU )  ,ก่อตั้ง,"['ใน', 'ส่วนภูมิภาค', 'และ']"
มหาวิทยาลัยเชียงใหม่   ( อังกฤษ :   Chiang   Mai   University ;   อักษรย่อ :   มช.   –   CMU )  ,เป็น,"['มหาวิทยาลัย', 'ของ', 'รัฐ', 'แห่ง', 'ที่หก', 'ของ', 'ประเทศ', 'ไทย']"
มหาวิทยาลัยเชียงใหม่   ( อังกฤษ :   Chiang   Mai   University ;   อักษรย่อ :   มช.   –   CMU )  ,ก่อตั้ง,"['วันที่', '22', 'มกราคม', 'พ.ศ.', '2507']"
มหาวิทยาลัยเชียงใหม่   ( อังกฤษ :   Chiang   Mai   University ;   อักษรย่อ :   มช.   –   CMU )  ,ตั้งอยู่,"['บริเวณ', 'เชิง', 'ดอย', 'สุเทพ', 'อำเภอ', 'เมือง', 'เชียงใหม่']"
ปัจจุบัน มหาวิทยาลัยเชียงใหม่,มี,['สถานะ']
ปัจจุบัน มหาวิทยาลัยเชียงใหม่,เป็น,"['มหาวิทยาลัย', 'ใน', 'กำกับ', 'ของ', 'รัฐ', 'ตาม', 'พระราชบัญญัติ', 'มหาวิทยาลัยเชียงใหม่', 'พ.ศ.', '2551', 'มหาวิทยาลัยเชียงใหม่']"
ปัจจุบัน มหาวิทยาลัยเชียงใหม่,จัด,"['การศึกษา', 'และ', 'การวิจัย']"
ปัจจุบัน มหาวิทยาลัยเชียงใหม่,ครอบคลุม,"['สาขา', 'วิทยาศาสตร์', 'สุขภาพ', 'วิทยาศาสตร์', 'และ', 'เทคโนโลยี', 'การเกษตร', 'สังคมศาสตร์', 'และ', 'มนุษยศาสตร์', 'ใน', '21', '3', 'วิทยาลัย', '1', 'บัณฑิต', 'วิทยาลัย', 'และ', '8', 'สถาบัน']"
ปัจจุบัน มหาวิทยาลัยเชียงใหม่,มี,['หลักสูตร']
ปัจจุบัน มหาวิทยาลัยเชียงใหม่,สอน,"['ใน', 'คณะ', 'จำนวน', '340', 'หลักสูตร', 'ใน', 'ระดับ', 'ปริญญาตรี']"
ปัจจุบัน มหาวิทยาลัยเชียงใหม่,มี,"['การจำแนก', 'หลักสูตร']"
หลักสูตร นานาชาติ   หลักสูตร,ต่อเนื่อง,"['และ', 'หลักสูตร', 'สาขาวิชา', 'หลักสูตร', 'ระดับ', 'ปริญญาโท']"
หลักสูตร นานาชาติ   หลักสูตร,เป็น,"['2', 'แผน']"
หลักสูตร นานาชาติ   หลักสูตร,เป็น,"['แผน', 'ก', 'และ', 'แผน', 'ข', 'และ', 'หลักสูตร', 'ระดับ', 'ปริญญาเอก']"
หลักสูตร นานาชาติ   หลักสูตร,เป็น,['2']
หลักสูตร นานาชาติ   หลักสูตร,เป็น,"['แบบ', '1']"
หลักสูตร นานาชาติ   หลักสูตร,เป็น,['การศึกษา']
หลักสูตร นานาชาติ   หลักสูตร,เน้น,['การวิจัย']
หลักสูตร นานาชาติ   หลักสูตร,ก่อให้เกิด,['ความรู้']
และ แบบ   2  ,เป็น,['การศึกษา']
และ แบบ   2  ,เน้น,['การวิจัย']
โดย,ทำ,['วิทยานิพนธ์']
โดย,มี,['คุณภาพ']
และ,ก่อให้เกิด,"['ความก้าวหน้า', 'ทางวิชาการ', 'และ', 'วิชาชีพ', 'มหาวิทยาลัยเชียงใหม่']"
และ,ได้รับ,['การคัดเลือก']
และ,เป็น,"['1', 'ใน', '9', 'มหาวิทยาลัย']"
และ,วิจัย,"['แห่งชาติ', 'จาก', 'กระทรวงศึกษาธิการ']"
และ,เป็น,"['1', 'ใน', '7', 'สมาชิก', 'เครือข่าย']"
และ,พันธมิตร,"['มหาวิทยาลัย', 'เพื่อ', 'การวิจัย', 'Research', 'University', 'Network', 'RUN']"
และ,เป็นสมาชิก,"['เครือข่าย', 'มหาวิทยาลัย', 'อาเซียน', 'ASEAN', 'University', 'Network', 'AUN', 'และ', 'เป็นสมาชิก', 'Association', 'of', 'Southeast', 'Asian', 'Institutions', 'of', 'Higher', 'Learning', 'ASAIHL']"
สถาบันบัณฑิตพัฒนบริหารศาสตร์   (,ย่อ,"['สพ', 'บ.', 'อังกฤษ', 'National', 'Institute', 'of', 'Development', 'Administration', 'หรือ', 'นิด้า', 'NIDA']"
สถาบันบัณฑิตพัฒนบริหารศาสตร์   (,เป็น,['สถาบันการศึกษา']
สถาบันบัณฑิตพัฒนบริหารศาสตร์   (,ชั้นสูง,"['ของ', 'รัฐ']"
สถาบันบัณฑิตพัฒนบริหารศาสตร์   (,มี,['สถานภาพ']
สถาบันบัณฑิตพัฒนบริหารศาสตร์   (,เป็น,"['หน่วยงาน', 'ระดับ', 'กรม']"
ในสังกัด สำนักงาน คณะกรรมการ การอุดมศึกษา   กระทรวงศึกษาธิการ  ,เป็น,"['สถาบัน', 'อุดมศึกษา', 'ของ', 'รัฐ', 'แห่ง', 'เดียว', 'ในประเทศ', 'ไทย', 'ที่ทำการ']"
ในสังกัด สำนักงาน คณะกรรมการ การอุดมศึกษา   กระทรวงศึกษาธิการ  ,สอน,"['เฉพาะ', 'ระดับ', 'บัณฑิตศึกษา']"
ในสังกัด สำนักงาน คณะกรรมการ การอุดมศึกษา   กระทรวงศึกษาธิการ  ,สูง,['ปริญญาตรี']
ในสังกัด สำนักงาน คณะกรรมการ การอุดมศึกษา   กระทรวงศึกษาธิการ  ,เน้นหนัก,"['ใน', 'สาขาวิชา', 'ทาง', 'ด้านการบริหาร', 'การพัฒนา']"
นอกจากนี้,ยังมี,"['หน้าที่', 'ใน', 'ด้าน', 'การวิจัย']"
นอกจากนี้,ฝึกอบรม,['และ']
นอกจากนี้,ให้บริการ,"['ทางวิชาการ', 'ด้าน', 'แก่', 'หน่วยงานราชการ', 'รัฐวิสาหกิจ', 'ธุรกิจเอกชน', 'และ', 'ประชาชน']"
และ,ถือเป็น,['สถาบันการศึกษา']
และ,เปิด,"['การสอน', 'หลักสูตร', 'MBA']"
และ,เป็น,"['แห่ง', 'แรก', 'ในประเทศ', 'ไทย']"
โดย คณะ บริหารธุรกิจ ของ นิด้า,จัด,"['ใน', 'อันดับ', 'ต้น', 'ของ', 'ทวีปเอเชีย', 'จาก', 'สื่อ', 'ชั้นนำ', 'ระดับนานาชาติ']"
โดย คณะ บริหารธุรกิจ ของ นิด้า,ประกอบ,['กับ']
โดย คณะ บริหารธุรกิจ ของ นิด้า,เป็น,['สถาบัน']
โดย คณะ บริหารธุรกิจ ของ นิด้า,มี,"['อัตราส่วน', 'อาจารย์', 'ระดับ', 'ปริญญาเอก', 'ต่อ', 'จำนวน', 'นักศึกษา']"
โดย คณะ บริหารธุรกิจ ของ นิด้า,ที่สูง,"['ในประเทศ', 'ไทย']"
และ สัดส่วน อาจารย์ ที่,มี,"['ตำแหน่ง', 'ทางวิชาการ']"
และ สัดส่วน อาจารย์ ที่,สูง,"['ในประเทศ', 'ไทย']"
รวมไปถึง ยัง,ได้รับ,"['คะแนน', 'การประเมิน']"
รวมไปถึง ยัง,ดำเนินงาน,"['จาก', 'หลากหลาย', 'องค์กร', 'ใน', 'ระดับสูง', 'ในประเทศ', 'ไทย', 'บุคคล']"
รวมไปถึง ยัง,เกี่ยวข้อง,"['กับ', 'สถาบัน']"
รวมไปถึง ยัง,รวมถึง,"['คณาจารย์', 'และ', 'ศิษย์เก่า']"
รวมไปถึง ยัง,มี,['หลากหลาย']
รวมไปถึง ยัง,รวมถึง,['บุคคล']
รวมไปถึง ยัง,สำคัญ,"['ใน', 'ด้าน', 'การเมือง', 'การปกครอง', 'และ', 'ภาค', 'ธุรกิจ']"
ไม่ ว่า จะ,เป็น,"['นายกรัฐมนตรี', 'รองนายกรัฐมนตรี', 'รัฐมนตรี']"
ไม่ ว่า จะ,ประจำ,"['กระทรวง', 'สมาชิก']"
ไม่ ว่า จะ,สภานิติบัญญัติ,"['แห่งชาติ', 'สมาชิก']"
ไม่ ว่า จะ,สภาปฏิรูป,"['แห่งชาติ', 'สมาชิกสภา', 'ร่างรัฐธรรมนูญ', 'และ', 'ข้าราชการ']"
ไม่ ว่า จะ,รวมถึง,"['เจ้าของ', 'ธุรกิจขนาดใหญ่', 'ของ', 'ประเทศ', 'ไทย']"
"มหาวิทยาลัยศรีนครินทรวิโรฒ   ( อังกฤษ :   Srinakharinwirot   University ;   อักษรย่อ :   มศว   –   SWU )   ถือกำเนิด จาก   "" โรงเรียน",ฝึกหัด,"['ครู', 'ชั้นสูง']"
"มหาวิทยาลัยศรีนครินทรวิโรฒ   ( อังกฤษ :   Srinakharinwirot   University ;   อักษรย่อ :   มศว   –   SWU )   ถือกำเนิด จาก   "" โรงเรียน",ก่อตั้ง,"['พ.ศ.', '2492', 'และ']"
"มหาวิทยาลัยศรีนครินทรวิโรฒ   ( อังกฤษ :   Srinakharinwirot   University ;   อักษรย่อ :   มศว   –   SWU )   ถือกำเนิด จาก   "" โรงเรียน",เป็น,"['วิทยาลัย', 'วิชา', 'การศึกษา', 'พ.ศ.', '2497', 'และ']"
"มหาวิทยาลัยศรีนครินทรวิโรฒ   ( อังกฤษ :   Srinakharinwirot   University ;   อักษรย่อ :   มศว   –   SWU )   ถือกำเนิด จาก   "" โรงเรียน",เป็น,"['มหาวิทยาลัยศรีนครินทรวิโรฒ', 'พ.ศ.', '2517']"
"มหาวิทยาลัยศรีนครินทรวิโรฒ   ( อังกฤษ :   Srinakharinwirot   University ;   อักษรย่อ :   มศว   –   SWU )   ถือกำเนิด จาก   "" โรงเรียน",เป็น,"['มหาวิทยาลัย', 'ของ', 'รัฐ', 'แห่ง', '11', 'ของ', 'ประเทศ', 'ไทย']"
โดย มหาวิทยาลัย ได้,ทำ,['การเรียน']
โดย มหาวิทยาลัย ได้,การสอน,"['74', 'ปี']"
โดย มหาวิทยาลัย ได้,มี,['รองศาสตราจารย์']
ดร. สม ชาย   สันติ วัฒน กุล  ,เป็น,"['อธิการบดี', 'มหาวิทยาลัย', 'คน', 'ปัจจุบัน', '\n', 'มหาวิทยาลัยศรีนครินทรวิโรฒ']"
ดร. สม ชาย   สันติ วัฒน กุล  ,เป็น,"['หนึ่ง', 'มหาวิทยาลัย']"
ดร. สม ชาย   สันติ วัฒน กุล  ,ใช้,"['คำ', 'ว่า', 'นิสิต']"
ดร. สม ชาย   สันติ วัฒน กุล  ,ศึกษา,"['คำ', 'ว่า', 'นิสิต', 'ผู้อยู่อาศัย', 'คำ', 'ว่า', 'นิสิต']"
ดร. สม ชาย   สันติ วัฒน กุล  ,ใช้,"['ครั้งแรก', 'ใน', 'จุฬาลงกรณ์มหาวิทยาลัย']"
ใน ช่วง ที่,เป็น,"['โรงเรียน', 'ข้าราชการพลเรือน', 'ของ', 'พระบาทสมเด็จพระจุลจอมเกล้าเจ้าอยู่หัว']"
และ,เป็น,['จุฬาลงกรณ์มหาวิทยาลัย']
ที่ตั้ง ของ มหาวิทยาลัย ถือว่า,อยู่,"['นอกเมือง', 'การคมนาคม', 'เพื่อ']"
ที่ตั้ง ของ มหาวิทยาลัย ถือว่า,ศึกษา,"['เป็นการ', 'ยากลำบาก']"
ดังนั้น   ผู้,พัก,"['ภายใน', 'หอพัก', 'ของ', 'มหาวิทยาลัย', 'และ']"
ดังนั้น   ผู้,เรียก,['บุคคล']
ดังนั้น   ผู้,อาศัย,"['ใน', 'ห้องปฏิบัติการ']"
ดังนั้น   ผู้,นิสิต,['ด้วย']
"ซึ่ง ใน ภายหลัง มหาวิทยาลัยเกษตรศาสตร์ ,   มหาวิทยาลัยศรีนครินทรวิโรฒ ,   มหาวิทยาลัยนเรศวร ,   มหาวิทยาลัยบูรพา ,   มหาวิทยาลัย มหาสารคาม ,   มหาวิทยาลัยทักษิณ   และ มหาวิทยาลัยพะเยา   ได้",เปิด,['และ']
"ซึ่ง ใน ภายหลัง มหาวิทยาลัยเกษตรศาสตร์ ,   มหาวิทยาลัยศรีนครินทรวิโรฒ ,   มหาวิทยาลัยนเรศวร ,   มหาวิทยาลัยบูรพา ,   มหาวิทยาลัย มหาสารคาม ,   มหาวิทยาลัยทักษิณ   และ มหาวิทยาลัยพะเยา   ได้",อยู่,['หอพัก']
จึง ได้,ใช้,"['คำ', 'ว่า', 'นิสิต', 'ใน', 'ปัจจุบันนี้']"
จึง ได้,เรียน,['ไม่']
จึง ได้,พัก,"['ใน', 'หอพัก']"
จึง ได้,เหมือน,"['ใน', 'สมัยก่อน']"
แต่ ก็ ยัง,เรียก,"['นิสิต', 'สำหรับ', 'มหาวิทยาลัย']"
มหาวิทยาลัยสุโขทัยธรรมาธิราช   ( อังกฤษ :   Sukhothai   Thammathirat   Open   University ;   อักษรย่อ :   มสธ.   –    STOU )  ,เป็น,"['สถาบัน', 'อุดมศึกษา', 'ของ', 'รัฐ', 'แบบ', 'ไม่']"
มหาวิทยาลัยสุโขทัยธรรมาธิราช   ( อังกฤษ :   Sukhothai   Thammathirat   Open   University ;   อักษรย่อ :   มสธ.   –    STOU )  ,ได้รับ,['จำนวน']
มหาวิทยาลัยสุโขทัยธรรมาธิราช   ( อังกฤษ :   Sukhothai   Thammathirat   Open   University ;   อักษรย่อ :   มสธ.   –    STOU )  ,ใช้,"['ระบบ', 'การศึกษา', 'ทางไกล', 'ก่อ']"
มหาวิทยาลัยสุโขทัยธรรมาธิราช   ( อังกฤษ :   Sukhothai   Thammathirat   Open   University ;   อักษรย่อ :   มสธ.   –    STOU )  ,ตั้งขึ้น,"['วันที่', '5', 'กันยายน', 'พ.ศ.', '2521', 'ตาม', 'พระราชบัญญัติ', 'มหาวิทยาลัยสุโขทัยธรรมาธิราช', 'พุทธศักราช', '2521', 'มหาวิทยาลัยสุโขทัยธรรมาธิราช']"
มหาวิทยาลัยสุโขทัยธรรมาธิราช   ( อังกฤษ :   Sukhothai   Thammathirat   Open   University ;   อักษรย่อ :   มสธ.   –    STOU )  ,จัด,['การเรียน']
มหาวิทยาลัยสุโขทัยธรรมาธิราช   ( อังกฤษ :   Sukhothai   Thammathirat   Open   University ;   อักษรย่อ :   มสธ.   –    STOU )  ,การสอน,"['ใน', 'ระดับ', 'ปริญญาตรี', 'แบบ', 'มหาวิทยาลัยเปิด']"
มหาวิทยาลัยสุโขทัยธรรมาธิราช   ( อังกฤษ :   Sukhothai   Thammathirat   Open   University ;   อักษรย่อ :   มสธ.   –    STOU )  ,ได้รับ,"['นักศึกษา', 'ไม่']"
มหาวิทยาลัยสุโขทัยธรรมาธิราช   ( อังกฤษ :   Sukhothai   Thammathirat   Open   University ;   อักษรย่อ :   มสธ.   –    STOU )  ,จำกัด,"['จำนวน', 'ปัจจุบัน', 'มหาวิทยาลัยสุโขทัยธรรมาธิราช']"
มหาวิทยาลัยสุโขทัยธรรมาธิราช   ( อังกฤษ :   Sukhothai   Thammathirat   Open   University ;   อักษรย่อ :   มสธ.   –    STOU )  ,เปิด,"['การศึกษา', 'ถึง', 'ระดับ', 'ดุษฎีบัณฑิต', 'ใน', 'สาขาวิชา']"
โดย,ศึกษา,['มหาวิทยาลัย']
โดย,ทั่วไป,"['มหาวิทยาลัยสุโขทัยธรรมาธิราช', 'ไม่']"
โดย,มี,"['ชั้นเรียน', 'มหาวิทยาลัย', 'แต่']"
โดย,ดำเนิน,['การสอน']
โดย,ใช้,"['ระบบ', 'การสอน', 'ทางไกล']"
โดย,จัด,['การเรียน']
โดย,การสอน,['โดย']
โดย,เน้น,"['ให้', 'นักศึกษา']"
โดย,เรียนรู้,"['ด้วย', 'จาก', 'เอกสาร', 'วิชา', 'จาก', 'สื่อ', 'สารสนเทศ', 'ต่าง ๆ', 'ที่ทาง', 'มหาวิทยาลัย']"
โดย,จัด,"['ให้', 'นักศึกษา', 'เช่น', 'สื่อสิ่งพิมพ์', 'สื่อ', 'อิเล็กทรอนิกส์', 'และ', 'สื่อ', 'ต่าง ๆ', '\n']"
โดย,จบ,"['การศึกษา', 'จาก', 'มหาวิทยาลัยสุโขทัยธรรมาธิราช', 'ใน', 'อดีต']"
โดย,ได้รับ,"['พระราชทาน', 'ปริญญาบัตร', 'จาก', 'พระ', 'หัตถ์', 'พระ', 'บาท', 'สมเด็จ', 'พระ']"
โดย,บรม,"['ชน', 'กา', 'ธิเบศร', 'มหา', 'ภูมิพล', 'อดุลยเดช', 'มหาราช', 'บรม', 'นาถ', 'บพิตร', 'แต่', 'ใน', 'ปัจจุบัน', 'พระบาทสมเด็จพระวชิรเกล้าเจ้าอยู่หัว']"
โดย,ปฏิบัติ,"['พระราชกรณียกิจ', 'ใน']"
โดย,พระราชทาน,"['ปริญญาบัตร', 'แก่', 'บัณฑิต', 'จาก', 'มหาวิทยาลัยสุโขทัยธรรมาธิราช', 'จนถึง', 'ปัจจุบัน', 'ภายหลัง', 'รัฐประหาร', 'ในประเทศ', 'ไทย', 'พ.ศ.', '2557']"
โดย,รักษา,"['ความสงบ', 'แห่งชาติ']"
โดย,ออก,"['ประกาศ', '1', '2560']"
โดย,ควบคุม,"['มหาวิทยาลัย', 'กรณี', 'กรรมการ']"
โดย,สภา,"['มหาวิทยาลัย', 'ผู้ทรงคุณวุฒิ']"
ขอลา ออกจาก ตำแหน่ง จน,เหลือ,"['กรรมการ', 'ไม่', 'องค์ประกอบ', 'ตาม', 'มาตรา', '13', 'แห่ง', 'พระราชบัญญัติ', 'มหาวิทยาลัยสุโขทัยธรรมาธิราช', 'พ.ศ.', '2521', 'และ']"
ขอลา ออกจาก ตำแหน่ง จน,ควบคุม,"['วันที่', '16', 'พฤศจิกายน', 'พ.ศ.', '2561']"
ขอลา ออกจาก ตำแหน่ง จน,มี,"['ประกาศ', 'สำนักนายกรัฐมนตรี', 'เรื่อง', 'แต่งตั้ง', 'นายก', 'สภา', 'มหาวิทยาลัย', 'และ', 'กรรมการ', 'สภา', 'มหาวิทยาลัย', 'ผู้ทรงคุณวุฒิ', 'ของ', 'มหาวิทยาลัยสุโขทัยธรรมาธิราช']"
สถาบันเทคโนโลยีพระจอมเกล้าเจ้าคุณทหารลาดกระบัง   ( อังกฤษ :   King   Mongkut ' s   Institute   of   Technology   Ladkrabang ;   อักษรย่อ :   สจ ล.   –   KMITL )  ,เป็น,"['มหาวิทยาลัย', 'ใน', 'กำกับ', 'ของ', 'รัฐ']"
สถาบันเทคโนโลยีพระจอมเกล้าเจ้าคุณทหารลาดกระบัง   ( อังกฤษ :   King   Mongkut ' s   Institute   of   Technology   Ladkrabang ;   อักษรย่อ :   สจ ล.   –   KMITL )  ,ก่อตั้ง,"['ด้วย', 'ความช่วยเหลือ', 'ของ', 'รัฐบาล', 'ญี่ปุ่น', '  ', 'มหาวิทยาลัย', 'โต', 'ไก']"
สถาบันเทคโนโลยีพระจอมเกล้าเจ้าคุณทหารลาดกระบัง   ( อังกฤษ :   King   Mongkut ' s   Institute   of   Technology   Ladkrabang ;   อักษรย่อ :   สจ ล.   –   KMITL )  ,เน้น,"['การเรียน', 'การสอน', 'ด้าน', 'วิทยาศาสตร์', 'และ', 'เทคโนโลยี']"
สถาบันเทคโนโลยีพระจอมเกล้าเจ้าคุณทหารลาดกระบัง   ( อังกฤษ :   King   Mongkut ' s   Institute   of   Technology   Ladkrabang ;   อักษรย่อ :   สจ ล.   –   KMITL )  ,ตั้งอยู่,"['เขต', 'ลาดกระบัง']"
มหาวิทยาลัยวลัยลักษณ์   ( อังกฤษ :   Walailak   University ;   อักษรย่อ :   มวล .   –   WU )  ,เป็น,"['มหาวิทยาลัย', 'รัฐ']"
มหาวิทยาลัยวลัยลักษณ์   ( อังกฤษ :   Walailak   University ;   อักษรย่อ :   มวล .   –   WU )  ,จัดตั้ง,"['ตาม', 'พระราชบัญญัติ', 'มหาวิทยาลัยวลัยลักษณ์', 'พ.ศ.', '2535']"
มหาวิทยาลัยวลัยลักษณ์   ( อังกฤษ :   Walailak   University ;   อักษรย่อ :   มวล .   –   WU )  ,มี,['รูปแบบ']
มหาวิทยาลัยวลัยลักษณ์   ( อังกฤษ :   Walailak   University ;   อักษรย่อ :   มวล .   –   WU )  ,เป็น,"['“', 'มหาวิทยาลัย', 'ใน', 'กำกับ', 'ของ', 'รัฐบาล', '”']"
มหาวิทยาลัยวลัยลักษณ์   ( อังกฤษ :   Walailak   University ;   อักษรย่อ :   มวล .   –   WU )  ,พระมหากรุณาธิคุณ,"['จาก', 'พระ', 'บาท', 'สมเด็จ', 'พระ']"
มหาวิทยาลัยวลัยลักษณ์   ( อังกฤษ :   Walailak   University ;   อักษรย่อ :   มวล .   –   WU )  ,บรม,"['ชน', 'กา', 'ธิเบศร', 'มหา', 'ภูมิพล', 'อดุลยเดช', 'มหาราช', 'บรม', 'นาถ', 'บพิตร', 'รัชกาล', '9', 'พระราชทาน', 'ชื่อ']"
มหาวิทยาลัยวลัยลักษณ์   ( อังกฤษ :   Walailak   University ;   อักษรย่อ :   มวล .   –   WU )  ,อันเป็น,"['พระนาม', 'ใน', 'สมเด็จ', 'พระเจ้า', 'น้อง', 'นาง', 'เธอ']"
เจ้าฟ้า จุฬา ภร ณ วลัย ลักษณ์   อัคร ราช กุมารี   กรม พระ ศรี สวาง ค วัฒน   วร ขัตติย ราช นารี   ซึ่ง,เป็น,"['มหาวิทยาลัย', 'สมบูรณ์แบบ', 'Comprehensive', 'University']"
เจ้าฟ้า จุฬา ภร ณ วลัย ลักษณ์   อัคร ราช กุมารี   กรม พระ ศรี สวาง ค วัฒน   วร ขัตติย ราช นารี   ซึ่ง,จัด,"['การเรียน', 'การสอน']"
เจ้าฟ้า จุฬา ภร ณ วลัย ลักษณ์   อัคร ราช กุมารี   กรม พระ ศรี สวาง ค วัฒน   วร ขัตติย ราช นารี   ซึ่ง,ครอบคลุม,"['ทั้ง', 'ด้าน', 'วิทยาศาสตร์', 'สุขภาพ', 'ด้าน', 'วิทยาศาสตร์', 'และ', 'เทคโนโลยี']"
โดย ได้,พัฒนา,['สภาพแวดล้อม']
โดย ได้,เป็น,"['เมือง', 'มหาวิทยาลัย', 'Residential', 'University', 'มีระบบ', 'สาธารณูปโภค', 'และ', 'สาธารณูปการ', 'แบบ', 'ครบวงจร', 'รวมทั้ง', 'สิ่งอำนวยความสะดวก', 'ๆ', 'และ']"
โดย ได้,จัดอันดับ,"['มหาวิทยาลัย', 'สี']"
โดย ได้,เขียว,"['โลก', 'ปี', '2021', 'จาก', 'จำนวน', '959', 'มหาวิทยาลัย']"
ผล,ปรากฏ,['มหาวิทยาลัยวลัยลักษณ์']
ผล,เป็น,"['อันดับ', '1', 'มหาวิทยาลัย', 'สี', 'เขียว', 'ของ', 'ภาคใต้']"
มหาวิทยาลัยแม่โจ้   ( อังกฤษ :   Maejo   University ;   อักษรย่อ :   ม จ.   –   MJU )  ,เป็น,"['สถาบัน', 'อุดมศึกษา', 'ใน', 'กำกับ', 'ของ', 'รัฐ']"
มหาวิทยาลัยแม่โจ้   ( อังกฤษ :   Maejo   University ;   อักษรย่อ :   ม จ.   –   MJU )  ,ตั้งอยู่,"['ที่', 'อำเภอ', 'สัน', 'ทราย', 'จังหวัด', 'เชียงใหม่']"
มหาวิทยาลัยแม่โจ้   ( อังกฤษ :   Maejo   University ;   อักษรย่อ :   ม จ.   –   MJU )  ,ก่อตั้ง,"['วันที่', '7', 'มิถุนายน', 'พ.ศ.', '2477', 'โดย', 'มีรากฐาน', 'จาก', 'โรงเรียน']"
มหาวิทยาลัยแม่โจ้   ( อังกฤษ :   Maejo   University ;   อักษรย่อ :   ม จ.   –   MJU )  ,ฝึกหัด,"['ครู', 'ประถม', 'กสิกรรม']"
มหาวิทยาลัยแม่โจ้   ( อังกฤษ :   Maejo   University ;   อักษรย่อ :   ม จ.   –   MJU )  ,ประจำ,['ภาคเหนือ']
มหาวิทยาลัยแม่โจ้   ( อังกฤษ :   Maejo   University ;   อักษรย่อ :   ม จ.   –   MJU )  ,เปลี่ยน,['สถานะ']
มหาวิทยาลัยแม่โจ้   ( อังกฤษ :   Maejo   University ;   อักษรย่อ :   ม จ.   –   MJU )  ,เป็น,"['มหาวิทยาลัยแม่โจ้', 'วันที่', '11', 'พฤศจิกายน', 'พ.ศ.', '2539']"
มหาวิทยาลัยแม่โจ้   ( อังกฤษ :   Maejo   University ;   อักษรย่อ :   ม จ.   –   MJU )  ,เป็น,"['มหาวิทยาลัย', 'ของ', 'รัฐ', 'ลำดับ', '23', 'ในประเทศ', 'ไทย']"
เมื่อ วันที่   5   พฤษภาคม   พ.ศ.   2560  ,เปลี่ยน,['สถานภาพ']
เมื่อ วันที่   5   พฤษภาคม   พ.ศ.   2560  ,เป็น,"['มหาวิทยาลัย', 'ใน', 'กำกับ', 'ของ', 'รัฐ']"
สถาบันเทคโนโลยีปทุมวัน   ( อังกฤษ :   Pathumwan   Institute   of   Technology ;   ชื่อย่อ :   ส ปท.   -   PIT )  ,เป็น,"['สถาบันการศึกษา', 'ในประเทศ', 'ไทย']"
สถาบันเทคโนโลยีปทุมวัน   ( อังกฤษ :   Pathumwan   Institute   of   Technology ;   ชื่อย่อ :   ส ปท.   -   PIT )  ,ยกฐานะ,"['มาจาก', 'วิทยาลัย', 'ช่างกล', 'ปทุม', 'วัน']"
สถาบันเทคโนโลยีปทุมวัน   ( อังกฤษ :   Pathumwan   Institute   of   Technology ;   ชื่อย่อ :   ส ปท.   -   PIT )  ,เป็น,['สถาบันการศึกษา']
สถาบันเทคโนโลยีปทุมวัน   ( อังกฤษ :   Pathumwan   Institute   of   Technology ;   ชื่อย่อ :   ส ปท.   -   PIT )  ,เน้น,"['ด้าน', 'วิทยาศาสตร์', 'และ', 'เทคโนโลยี', 'เป็นหลัก']"
โดย,มุ่งเน้น,"['ผู้สำเร็จการศึกษา', 'ด้าน', 'อาชีวศึกษา']"
โดย,ต่อ,"['เฉพาะ', 'ทางใน', 'ระดับ', 'ปริญญา']"
มหาวิทยาลัยราชภัฏ   ( อังกฤษ :   Rajabhat   University ;   อักษรย่อ :   RU )  ,เป็น,"['กลุ่ม', 'มหาวิทยาลัย']"
มหาวิทยาลัยราชภัฏ   ( อังกฤษ :   Rajabhat   University ;   อักษรย่อ :   RU )  ,มาจาก,['โรงเรียน']
มหาวิทยาลัยราชภัฏ   ( อังกฤษ :   Rajabhat   University ;   อักษรย่อ :   RU )  ,ฝึกหัด,['อาจารย์']
มหาวิทยาลัยราชภัฏ   ( อังกฤษ :   Rajabhat   University ;   อักษรย่อ :   RU )  ,ตั้งอยู่,"['ใน', 'ส่วนกลาง', 'และ', 'ส่วนภูมิภาค', 'ของ', 'ประเทศ', '  ']"
ต่อมา ได้,เปลี่ยน,['ชื่อ']
ต่อมา ได้,เป็น,['วิทยาลัยครู']
ต่อมา ได้,ได้รับ,"['พระราชทาน', 'นาม', 'ราชภัฏ', 'จาก', 'พระ', 'บาท', 'สมเด็จ', 'พระ']"
ต่อมา ได้,บรม,"['ชน', 'กา', 'ธิเบศร', 'มหา', 'ภูมิพล', 'อดุลยเดช', 'มหาราช', 'บรม', 'นาถ', 'บพิตร']"
ต่อมา ได้,เป็น,"['ชื่อ', 'ประจำ', 'สถาบัน', 'พร้อมทั้ง', 'พระราชทาน', 'พระ', 'ราชลัญจกร']"
ต่อมา ได้,เป็น,['ตรา']
ต่อมา ได้,ประจำ,['มหาวิทยาลัย']
ต่อมา ได้,มี,"['38', 'แห่ง', 'ทั่วประเทศ']"
สถาบัน การ,อาชีว,"['ศีกษา', '  ', 'อังกฤษ', 'Vocational', 'Education', 'Institution']"
สถาบัน การ,เป็น,"['กลุ่ม', 'สถาบัน', 'รัฐ', 'ในประเทศ', 'ไทย', 'สังกัด', 'สำนักงาน', 'คณะกรรมการ']"
ก่อตั้ง เมื่อ ปี   พ.ศ.   2555   เพื่อ,เปิด,"['การสอน', 'หลักสูตร', 'ระดับ', 'ประกาศนียบัตร', 'วิชาชีพ', '(ปว.ช.)', 'ตาม', 'มาตรฐาน', 'คุณวุฒิ', 'อาชีวศึกษา', 'ระดับ', 'ประกาศนียบัตร', 'วิชาชีพ', 'ประกาศนียบัตร', 'วิชาชีพ']"
ก่อตั้ง เมื่อ ปี   พ.ศ.   2555   เพื่อ,ชั้นสูง,"['(ปว.ส.)', 'ตาม', 'กรอบ', 'มาตรฐาน', 'คุณวุฒิ', 'อาชีวศึกษา', 'ระดับ', 'ประกาศนียบัตร', 'วิชาชีพ']"
ก่อตั้ง เมื่อ ปี   พ.ศ.   2555   เพื่อ,ชั้นสูง,"['และ', 'ปริญญาตรี']"
(ท ล. บ. )   โดย,ใช้,"['กรอบ', 'มาตรฐาน', 'คุณวุฒิ', 'อาชีวศึกษา', 'ระดับ', 'ปริญญาตรี', 'สาย', 'เทคโนโลยี', 'หรือ', 'สาย']"
สถาบันการอาชีวศึกษาเกษตร    ( อังกฤษ :   Vocational   Education   Institution   of   Agriculture )  ,เกิด,['จาก']
สถาบันการอาชีวศึกษาเกษตร    ( อังกฤษ :   Vocational   Education   Institution   of   Agriculture )  ,รวมตัว,"['ของ', 'วิทยาลัย', 'เกษตร', 'และ', 'เทคโนโลยี']"
โดย,เป็น,"['4', 'แห่ง', 'ใน', '4', 'ภูมิภาค']"
โดย,มี,"['ชื่อว่า', 'วิทยาลัย', 'เกษตรกรรม']"
โดย,เป็น,['วิทยาลัย']
โดย,ในสังกัด,"['กรมอาชีวศึกษา', 'เกี่ยวกับ', 'เกษตรกรรม', 'ของ', 'ประเทศ', 'ไทย']"
ต่อมา จึง,จัดตั้ง,"['วิทยาลัย', 'ชุมชน']"
ต่อมา จึง,เป็น,"['หน่วยงาน', 'ภายใน']"
ต่อมา จึง,เปลี่ยน,['ชื่อ']
ต่อมา จึง,เป็น,"['วิทยาลัย', 'เกษตร', 'และ', 'เทคโนโลยี']"
และ,เปิด,"['การสอน', 'ทาง', 'ด้าน', 'เทคโนโลยี', 'และ', 'บริหารธุรกิจ', 'ใน', 'ระดับ', 'ระดับ', 'ประกาศนียบัตร', 'วิชาชีพ', '  ', 'ประกาศนียบัตร', 'วิชาชีพ']"
และ,ชั้นสูง,"['และ', 'ปริญญาตรี', 'สาย']"
และ,ปฏิบัติการ,"['ตาม', 'มาตรฐาน', 'คุณวุฒิ', 'อาชีวศึกษา', 'แห่งชาติ', 'พ.ศ.', '๒๕๕๖']"
ราชวิทยาลัยจุฬาภรณ์   ( อังกฤษ :   Chulabhorn   Royal   Academy )  ,เป็น,"['สถาบัน', 'การวิจัย', 'และ', 'วิชาการ', 'ชั้นสูง', 'มิใช่', 'สถาบัน', 'อุดมศึกษา', 'แต่']"
ราชวิทยาลัยจุฬาภรณ์   ( อังกฤษ :   Chulabhorn   Royal   Academy )  ,มี,"['สถาบัน', 'อุดมศึกษา', 'ใน', 'ส่วน', 'งาน', 'และ']"
ราชวิทยาลัยจุฬาภรณ์   ( อังกฤษ :   Chulabhorn   Royal   Academy )  ,จัด,"['การศึกษา', 'ทางวิชาการ', 'และ', 'วิชาชีพ', 'ด้าน', 'วิทยาศาสตร์', 'เทคโนโลยี', 'สิ่งแวดล้อม', 'การแพทย์', 'และ', 'การสาธารณสุข']"
ราชวิทยาลัยจุฬาภรณ์   ( อังกฤษ :   Chulabhorn   Royal   Academy )  ,มี,"['วัตถุประสงค์', 'ใน', 'การวิจัย']"
ราชวิทยาลัยจุฬาภรณ์   ( อังกฤษ :   Chulabhorn   Royal   Academy )  ,จัด,"['การศึกษา', 'และ']"
ราชวิทยาลัยจุฬาภรณ์   ( อังกฤษ :   Chulabhorn   Royal   Academy )  ,ผลิต,"['บุคลากร', 'ใน', 'ระดับสูง']"
ราชวิทยาลัยจุฬาภรณ์   ( อังกฤษ :   Chulabhorn   Royal   Academy )  ,สร้าง,['องค์ความรู้']
ราชวิทยาลัยจุฬาภรณ์   ( อังกฤษ :   Chulabhorn   Royal   Academy )  ,เป็น,"['ศูนย์', 'ความเป็นเลิศ', 'ทาง', 'ด้าน', 'วิทยาศาสตร์', 'เทคโนโลยี', 'สิ่งแวดล้อม', 'การแพทย์', 'และ', 'การสาธารณสุข']"
ราชวิทยาลัยจุฬาภรณ์   ( อังกฤษ :   Chulabhorn   Royal   Academy )  ,ให้บริการ,"['ทางการแพทย์', 'และ', 'การสาธารณสุข', 'แก่', 'ประชาชน', 'ความช่วยเหลือ', 'ผู้ยากไร้', 'และ', 'ผู้ประสบภัย', 'พิบัติ', 'รวมทั้ง']"
ราชวิทยาลัยจุฬาภรณ์   ( อังกฤษ :   Chulabhorn   Royal   Academy )  ,ส่งเสริม,"['คุณธรรม', 'และ', 'จริยธรรม', 'และ', 'ทะนุบำรุง', 'ศิลปวัฒนธรรม']"
สถาบันการพยาบาลศรีสวรินทิรา   สภากาชาดไทย    ( อังกฤษ :   Srisavarindhira   Thai   Red   Cross   Institute   of   Nursing )  ,เป็น,"['สถาบัน', 'อุดมศึกษา', 'ใน', 'กำกับ', 'ของ', 'รัฐ', 'ไม่']"
สถาบันการพยาบาลศรีสวรินทิรา   สภากาชาดไทย    ( อังกฤษ :   Srisavarindhira   Thai   Red   Cross   Institute   of   Nursing )  ,เป็น,['ส่วนราชการ']
สถาบันการพยาบาลศรีสวรินทิรา   สภากาชาดไทย    ( อังกฤษ :   Srisavarindhira   Thai   Red   Cross   Institute   of   Nursing )  ,อยู่,['ภายใต้']
สถาบันการพยาบาลศรีสวรินทิรา   สภากาชาดไทย    ( อังกฤษ :   Srisavarindhira   Thai   Red   Cross   Institute   of   Nursing )  ,ดูแล,"['อุปถัมภ์', 'ของ', 'สภากาชาดไทย']"
สถาบันการพยาบาลศรีสวรินทิรา   สภากาชาดไทย    ( อังกฤษ :   Srisavarindhira   Thai   Red   Cross   Institute   of   Nursing )  ,ทำ,['การเรียน']
สถาบันการพยาบาลศรีสวรินทิรา   สภากาชาดไทย    ( อังกฤษ :   Srisavarindhira   Thai   Red   Cross   Institute   of   Nursing )  ,การสอน,"['หลักสูตร', 'พยาบาลศาสตรบัณฑิต', 'หลักสูตร', '4', 'ปี', 'และ', 'หลักสูตร', 'ประกาศนียบัตร']"
สถาบันการพยาบาลศรีสวรินทิรา   สภากาชาดไทย    ( อังกฤษ :   Srisavarindhira   Thai   Red   Cross   Institute   of   Nursing )  ,พยาบาล,"['เฉพาะทาง', 'สาขา']"
มหาวิทยาลัยเทคโนโลยีสุรนารี   ( อังกฤษ :   Suranaree   University   of   Technology ;   อักษรย่อ :   มท ส.   –   SUT )  ,เป็น,"['มหาวิทยาลัย', 'ใน', 'กำกับ', 'ของ', 'รัฐ']"
มหาวิทยาลัยเทคโนโลยีสุรนารี   ( อังกฤษ :   Suranaree   University   of   Technology ;   อักษรย่อ :   มท ส.   –   SUT )  ,ตั้งอยู่,"['ใน', 'จังหวัด', 'นครราชสีมา']"
มหาวิทยาลัยเทคโนโลยีสุรนารี   ( อังกฤษ :   Suranaree   University   of   Technology ;   อักษรย่อ :   มท ส.   –   SUT )  ,เป็น,"['มหาวิทยาลัย', 'วันที่', '27', 'กรกฎาคม', 'พ.ศ.', '2533']"
มหาวิทยาลัยเทคโนโลยีสุรนารี   ( อังกฤษ :   Suranaree   University   of   Technology ;   อักษรย่อ :   มท ส.   –   SUT )  ,ยกฐานะ,"['จาก', '  ', 'วิทยาลัย', 'สุรนารี', '  ']"
มหาวิทยาลัยเทคโนโลยีสุรนารี   ( อังกฤษ :   Suranaree   University   of   Technology ;   อักษรย่อ :   มท ส.   –   SUT )  ,ในสังกัด,['มหาวิทยาลัยขอนแก่น']
มหาวิทยาลัยเทคโนโลยีสุรนารี   ( อังกฤษ :   Suranaree   University   of   Technology ;   อักษรย่อ :   มท ส.   –   SUT )  ,เป็น,"['มหาวิทยาลัยเทคโนโลยีสุรนารี', 'มหาวิทยาลัย', 'ประจำจังหวัด', 'นครราชสีมา', 'และ']"
มหาวิทยาลัยเทคโนโลยีสุรนารี   ( อังกฤษ :   Suranaree   University   of   Technology ;   อักษรย่อ :   มท ส.   –   SUT )  ,เป็น,"['มหาวิทยาลัย', 'ใน', 'กำกับ', 'ของ', 'รัฐ', 'แห่ง', 'แรก', 'ของ', 'ประเทศ', 'ไทย', '\n', 'ปัจจุบัน', 'มหาวิทยาลัยเทคโนโลยีสุรนารี']"
มหาวิทยาลัยเทคโนโลยีสุรนารี   ( อังกฤษ :   Suranaree   University   of   Technology ;   อักษรย่อ :   มท ส.   –   SUT )  ,จัด,"['การเรียน', 'การสอน']"
มหาวิทยาลัยเทคโนโลยีสุรนารี   ( อังกฤษ :   Suranaree   University   of   Technology ;   อักษรย่อ :   มท ส.   –   SUT )  ,ครอบคลุม,"['สาขา', 'วิทยาศาสตร์', 'และ', 'เทคโนโลยี']"
โดย,มี,"['หลักสูตร', 'ใน', 'ระดับ', 'ปริญญาตรี', '49', 'หลักสูตร', 'ปริญญาโท', '36', 'หลักสูตร', 'และ', 'ปริญญาเอก', '29', 'หลักสูตร', 'ข้อมูล', 'ใน', 'ปีการศึกษา', '2563']"
โดย,มี,"['นักศึกษา', '17,000', 'คน']"
นอกจากนี้   มหาวิทยาลัยเทคโนโลยีสุรนารี ยัง,เป็น,['มหาวิทยาลัย']
นอกจากนี้   มหาวิทยาลัยเทคโนโลยีสุรนารี ยัง,มี,"['คณาจารย์', 'คุณวุฒิ', 'ปริญญาเอก']"
นอกจากนี้   มหาวิทยาลัยเทคโนโลยีสุรนารี ยัง,เป็น,['ร้อยละ']
นอกจากนี้   มหาวิทยาลัยเทคโนโลยีสุรนารี ยัง,สูง,"['ในประเทศ', 'ไทย', 'ร้อยละ', '80.21', 'และ']"
นอกจากนี้   มหาวิทยาลัยเทคโนโลยีสุรนารี ยัง,เป็น,['มหาวิทยาลัย']
นอกจากนี้   มหาวิทยาลัยเทคโนโลยีสุรนารี ยัง,มี,"['ผลงานวิจัย', 'ต่อหัว', 'คณาจารย์']"
นอกจากนี้   มหาวิทยาลัยเทคโนโลยีสุรนารี ยัง,สูง,"['ในประเทศ', 'ไทย']"
(มจ ร. )  ,เป็น,"['สถาบันการศึกษา', 'พระพุทธศาสนา']"
(มจ ร. )  ,ชั้นสูง,"['ใน', 'รูปแบบ', 'มหาวิทยาลัย', '  ']"
(มจ ร. )  ,พระมหากรุณาธิคุณ,"['จาก', 'พระบาทสมเด็จพระจุลจอมเกล้าเจ้าอยู่หัว']"
ทรง สถาปนา ขึ้น เพื่อ,ถวาย,"['แด่', 'คณะสงฆ์', 'ฝ่าย', 'มหานิกาย']"
ทรง สถาปนา ขึ้น เพื่อ,จัด,"['การเรียน', 'การสอน', 'ด้าน', 'พุทธศาสตร์']"
ทรง สถาปนา ขึ้น เพื่อ,เป็น,"['สาขา', 'แรก']"
แล้ว ต่อมา ได้,ขยาย,"['การเรียน', 'การสอน', 'ยัง', 'สาขาวิชา']"
แล้ว ต่อมา ได้,คล้าย,"['กับ', 'รูปแบบ']"
แล้ว ต่อมา ได้,ก่อตั้ง,"['มหาวิทยาลัย', 'ปารีส', 'ประเทศ', 'ฝรั่งเศส', 'และ', 'มหาวิทยาลัย', 'ฟอร์ด', 'ประเทศ', 'อังกฤษ']"
ที่,เริ่มต้น,"['จาก', 'สาขา', 'ด้าน', 'ศาสนา']"
ที่,ขยาย,"['ยัง', 'สาขาวิชา', '\n', 'มหาวิทยาลัยมหาจุฬาลงกรณราชวิทยาลัย']"
ที่,เป็น,"['สถาบันการศึกษา', 'ชั้น', 'สุ', 'ง', 'ยุค', 'แรก', 'แห่ง', 'หนึ่ง', 'ของ', 'ไทย', 'ใน', 'ปี', 'พ.ศ.', '2562', 'มจ', 'ร.', 'มีอายุ', '132', 'ปี', 'ถือกำเนิด', 'จาก', 'มหาธาตุ', 'วิทยาลัย', '  ', 'พระบาทสมเด็จพระจุลจอมเกล้าเจ้าอยู่หัว', 'ทรง', 'พระ', 'กรุณา', 'โปรดเกล้าฯ', 'สถาปนา', 'ภายใน', 'วัดมหาธาตุฯ']"
เมื่อ ปี   พ.ศ.   2430   โดย,ทำ,"['การสอน', 'ตั้งแต่', 'ปี', 'พ.ศ.', '2432']"
เมื่อ ปี   พ.ศ.   2430   โดย,พระราชทาน,['นาม']
เมื่อ ปี   พ.ศ.   2430   โดย,ใหม่,['มหา']
เมื่อ ปี   พ.ศ.   2430   โดย,จุฬา,"['กร', 'ณ', 'ราช', 'วิทยาลัย', 'ทรง', 'สถาปนา', 'อาคาร', 'สัง', 'ฆิก', 'เส', 'นาสน์']"
เมื่อ ปี   พ.ศ.   2430   โดย,ราช,"['วิทยาลัย', 'ใน', 'ปี', 'พ.ศ.', '2439', 'โดย', 'ทรง']"
เมื่อ ปี   พ.ศ.   2430   โดย,ตั้ง,['พระทัย']
เมื่อ ปี   พ.ศ.   2430   โดย,เป็น,['สถาบันการศึกษา']
เมื่อ ปี   พ.ศ.   2430   โดย,ชั้นสูง,"['ของ', 'พระสงฆ์']"
การ,ดำเนินงาน,"['ของ', 'วิทยาลัย']"
การ,จริงจัง,"['พ.ศ.', '2490', 'พระ']"
การ,พิมล,"['ธรรม', 'ช้อย', 'ฐาน', 'ทตฺต', 'เถร', 'และ']"
การ,เป็น,"['มหาวิทยาลัย', 'ใน', 'กำกับ', 'ของ', 'รัฐ', 'ใน', 'ปี', 'พ.ศ.', '2540', 'ตาม', 'ความใน', 'พระราชบัญญัติ', 'มหาวิทยาลัยมหาจุฬาลงกรณราชวิทยาลัย', 'พ.ศ.', '2540', 'อธิการบดี', 'รูป', 'ปัจจุบัน']"
การ,เป็น,"['พระธรรม', 'วัชร', 'บัณฑิต', '(สม', 'จินต์', 'สม', 'ฺ']"
การ,"ปญฺโญ),","['ศาสตราจารย์', 'ดร.', '   ', '\n', 'มหาวิทยาลัยมหาจุฬาลงกรณราชวิทยาลัย']"
การ,เป็น,"['มหาวิทยาลัย', 'รัฐ']"
การ,มีบทบาท,"['โดดเด่น', 'ใน']"
การ,ส่งเสริม,"['การศึกษา', 'ด้าน', 'พระพุทธศาสนา']"
การ,สำคัญ,"['แห่ง', 'หนึ่ง', 'ของ', 'โลก', 'และ']"
การ,เป็น,"['มหาวิทยาลัย', 'ศูนย์กลาง', 'การศึกษา', 'ด้าน', 'พุทธศาสตร์']"
การ,สำคัญ,"['ของ', 'คณะสงฆ์', 'ไทย']"
การ,จัดตั้ง,"['วิทยาเขต', 'วิทยาลัย', 'สงฆ์', 'ศูนย์']"
การ,ให้บริการ,"['และ', 'ห้องเรียน']"
การ,กระจาย,"['ทั่ว', 'ภูมิภาค', 'ของ', 'ประเทศ']"
ปัจจุบัน  ,เปิด,"['การเรียน', 'การสอน', 'ใน', '4']"
ปัจจุบัน  ,ครอบคลุม,"['ระดับ', 'ปริญญา', 'พุทธ', 'ศาสตร', 'บัณฑิต', 'จนถึง', 'ปริญญา', 'พุทธ', 'ศาสตร', 'ดุ', 'ษฏี', 'บัณฑิต', 'หลักสูตร', 'นานาชาติ', 'และ', 'ภาษาอังกฤษ']"
ปัจจุบัน  ,รวม,"['33', 'สาขาวิชา']"
นอกจากนี้   ยัง ได้,จัดตั้ง,"['สถาบันวิจัย', 'ภายใน', 'มหาวิทยาลัย']"
นอกจากนี้   ยัง ได้,ดำเนิน,"['การวิจัย', 'ใน', 'ด้าน', 'พุทธศาสตร์']"
นอกจากนี้   ยัง ได้,ประยุกต์,"['ด้วย', 'พระ', 'บาท', 'สมเด็จ', 'พระเจ้าอยู่หัว', 'ทรง', 'พระ', 'กรุณา', 'โปรด', 'ถวาย', 'สมเด็จพระอริยวงศาคตญาณ', 'สมเด็จพระสังฆราช', 'สกลมหาสังฆปริณายก', 'เสด็จ', 'พระ']"
นอกจากนี้   ยัง ได้,เป็น,"['องค์', 'ประธาน', 'ใน', 'พิธี', 'ประสาท', 'ปริญญาบัตร', 'แก่', 'บัณฑิต']"
เมื่อ,จบ,"['จาก', 'สถาบัน', 'แห่ง']"
เมื่อ,ศึกษา,"['ใน', 'สถาบันการศึกษา', 'ชั้นนำ', 'ของ', 'โลก', 'แห่ง', 'เช่น', 'มหาวิทยาลัย', 'ฮาร์วาร์ด', 'มหาวิทยาลัย', 'เย', 'ล', 'ประเทศ', 'สหรัฐอเมริกา', 'มหาวิทยาลัย', 'ฮ่องกง', 'มหาวิทยาลัย', 'ฟู่', 'ประเทศ', 'จีน', 'มหาวิทยาลัย', 'อ๊อก', 'ฟอร์ด', 'มหาวิทยาลัย', 'เคมบริดจ์', 'มหาวิทยาลัย', 'ลอนดอน', 'มหาวิทยาลัย', 'เซ็น', 'ปีเตอร์', 'สเบิร์ก', 'ประเทศ', 'รัสเซีย', '\n', 'ด้าน', 'อาคาร', 'สิ่งปลูกสร้าง', 'ใน', 'มหาวิทยาลัยมหาจุฬาลงกรณราชวิทยาลัย']"
เมื่อ,ได้รับ,"['ความเมตตา', 'นุ', 'เคราะห์', 'อุปถัมภ์', 'จาก']"
เมื่อ,พระเดชพระคุณ,"['พระพรหม', 'มัง', 'คลา', 'จารย์', 'ปั่น', 'ป', 'ทุ', 'มุต', 'ฺต', 'โร', 'อดีต', 'เจ้าอาวาส']"
เมื่อ,วัด,"['ชลประทานรังสฤษดิ์', 'จังหวัด', 'นนทบุรี']"
เมื่อ,เจ้าพระคุณ,"['สมเด็จพระพุฒาจารย์', 'เกี่ยว', 'อุป', 'เส', 'โณ)', 'อดีต', 'เจ้าอาวาส']"
เมื่อ,วัด,"['สระ', 'เกศ', 'ราชวรมหาวิหาร', 'อดีต', 'ประธาน', 'คณะ']"
เมื่อ,ปฏิบัติหน้าที่,"['สมเด็จพระสังฆราช', 'และ']"
เมื่อ,เจ้าพระคุณ,"['สมเด็จ', 'พระ']"
เมื่อ,มหา,"['รัช', 'มัง', 'คลา', 'จารย์', 'ช่วง', 'วร', 'ปุ', 'ญฺโญ)', 'อดีต', 'เจ้าอาวาส']"
เมื่อ,วัด,"['ปากน้ำ', 'ภาษี', 'เจริญ', 'กรุงเทพมหานคร', 'อดีต']"
เมื่อ,ปฏิบัติหน้าที่,['สมเด็จพระสังฆราช']
ตลอดจน ท่าน ทาน ธนบดี ผู้,มี,"['จิต', 'ศรัทธา']"
ตลอดจน ท่าน ทาน ธนบดี ผู้,กัปปิยะ,"['ภัณฑ์', 'เป็นเจ้าภาพ']"
ตลอดจน ท่าน ทาน ธนบดี ผู้,สร้าง,"['อาคาร', 'และ', 'สิ่งปลูกสร้าง']"
มหาวิทยาลัยมหิดล   ( อังกฤษ :   Mahidol   University ;   อักษรย่อ :   MU )  ,เดิม,"['ชื่อ', 'มหาวิทยาลัย', 'แพทยศาสตร์']"
มหาวิทยาลัยมหิดล   ( อังกฤษ :   Mahidol   University ;   อักษรย่อ :   MU )  ,เป็น,"['สถาบัน', 'อุดมศึกษา']"
มหาวิทยาลัยมหิดล   ( อังกฤษ :   Mahidol   University ;   อักษรย่อ :   MU )  ,เน้น,['การเรียน']
มหาวิทยาลัยมหิดล   ( อังกฤษ :   Mahidol   University ;   อักษรย่อ :   MU )  ,การสอน,"['ด้าน', 'วิทยาศาสตร์', 'สุขภาพ', 'วิทยาศาสตร์', 'และ', 'เทคโนโลยี']"
และ สังคมศาสตร์ และ มนุษยศาสตร์  ,ตั้งอยู่,"['ใน', 'อำเภอ', 'พุทธมณฑล', 'จังหวัด', 'นครปฐม']"
และ,มี,"['ที่ตั้ง', 'แห่ง', 'ทั้ง', 'ใน', 'กรุงเทพมหานคร']"
"จังหวัด กาญจนบุรี   จังหวัด นครสวรรค์   และ จังหวัด อำนาจเจริญ 
 มหาวิทยาลัยมหิดล",มาจาก,"['โรงเรียน', 'แพทยา', 'กร', 'โรงพยาบาล', 'ศิริราช', 'ใน', 'ปัจจุบัน', 'ก่อ']"
"จังหวัด กาญจนบุรี   จังหวัด นครสวรรค์   และ จังหวัด อำนาจเจริญ 
 มหาวิทยาลัยมหิดล",ตั้งขึ้น,"['ใน', 'พ.ศ.', '2432']"
"จังหวัด กาญจนบุรี   จังหวัด นครสวรรค์   และ จังหวัด อำนาจเจริญ 
 มหาวิทยาลัยมหิดล",กรวม,"['เข้ากับ', 'โรงเรียน', 'ข้าราชการพลเรือน', 'ฯ']"
"จังหวัด กาญจนบุรี   จังหวัด นครสวรรค์   และ จังหวัด อำนาจเจริญ 
 มหาวิทยาลัยมหิดล",จัดตั้ง,"['จุฬาลงกรณ์มหาวิทยาลัย', 'พร้อมทั้ง']"
"จังหวัด กาญจนบุรี   จังหวัด นครสวรรค์   และ จังหวัด อำนาจเจริญ 
 มหาวิทยาลัยมหิดล",เปลี่ยน,['สถานะ']
คณะ แพทยศาสตร์ แห่ง จุฬาลงกรณ์มหาวิทยาลัย   และ ถูก,เปลี่ยน,['ชื่อ']
ต่อมา ใน วันที่   2   กุมภาพันธ์   พ.ศ.   2486   ได้,แยก,"['คณะ', 'วิชา', 'ด้าน', 'แพทยศาสตร์', 'สี่', 'คณะ']"
ต่อมา ใน วันที่   2   กุมภาพันธ์   พ.ศ.   2486   ได้,เป็น,"['มหาวิทยาลัย', 'แพทยศาสตร์']"
"และ ใน วันที่   2   มีนาคม   พ.ศ.   2512   พระบาทสมเด็จพระปรมินทรมหาภูมิพลอดุลยเดช ทรง พระ กรุณา โปรดเกล้าฯ   พระราชทาน นาม   "" มหิดล ""  ",อันเป็น,"['พระนาม', 'ของ', 'สมเด็จพระมหิตลาธิเบศร อดุลยเดชวิกรม พระบรมราชชนก', 'ปัจจุบัน', 'มหาวิทยาลัยมหิดล']"
"และ ใน วันที่   2   มีนาคม   พ.ศ.   2512   พระบาทสมเด็จพระปรมินทรมหาภูมิพลอดุลยเดช ทรง พระ กรุณา โปรดเกล้าฯ   พระราชทาน นาม   "" มหิดล ""  ",จัด,['การเรียน']
"และ ใน วันที่   2   มีนาคม   พ.ศ.   2512   พระบาทสมเด็จพระปรมินทรมหาภูมิพลอดุลยเดช ทรง พระ กรุณา โปรดเกล้าฯ   พระราชทาน นาม   "" มหิดล ""  ",การสอน,"['ใน', '17', '6', 'วิทยาลัย', '9', 'สถาบัน', 'และ', '3', 'วิทยาเขต', 'และ']"
"และ ใน วันที่   2   มีนาคม   พ.ศ.   2512   พระบาทสมเด็จพระปรมินทรมหาภูมิพลอดุลยเดช ทรง พระ กรุณา โปรดเกล้าฯ   พระราชทาน นาม   "" มหิดล ""  ",เป็น,"['มหาวิทยาลัย', 'ชั้นนำ', 'ของ', 'ประเทศ', 'ไทย', 'จาก']"
"และ ใน วันที่   2   มีนาคม   พ.ศ.   2512   พระบาทสมเด็จพระปรมินทรมหาภูมิพลอดุลยเดช ทรง พระ กรุณา โปรดเกล้าฯ   พระราชทาน นาม   "" มหิดล ""  ",จัดอันดับ,"['ของ', 'สำนัก', 'จัดอันดับ', 'สำนัก']"
และ,เป็น,"['1', 'ใน', '9', 'มหาวิทยาลัย']"
และ,วิจัย,"['แห่งชาติ', 'พ.ศ.', '2552', 'และ']"
และ,เป็นสมาชิก,"['เครือข่าย', 'มหาวิทยาลัย', 'อาเซียน', 'ASEAN', 'University', 'Network', 'AUN']"
มหาวิทยาลัยเทคโนโลยีพระจอมเกล้าพระนครเหนือ   ( อังกฤษ :   King   Mongkut ' s   University   of   Technology   North   Bangkok ;   อักษรย่อ :   มจพ.   –   KMUTNB )  ,เป็น,"['มหาวิทยาลัย', 'ใน', 'กำกับ', 'ของ', 'รัฐบาล', 'ก่อตั้ง', 'โดย', 'ความร่วมมือ', 'ระหว่าง', 'รัฐบาล', 'ไทย', 'กับ', 'รัฐบาล', 'เยอรมนี']"
"ใน ปี   พ.ศ.   2502   ในนาม   "" โรงเรียน เทคนิค พระนครเหนือ ""   ก่อน จะ",ยกฐานะ,"['ใน', 'ปี', 'พ.ศ.', '2507']"
"ใน ปี   พ.ศ.   2502   ในนาม   "" โรงเรียน เทคนิค พระนครเหนือ ""   ก่อน จะ",เป็น,"['วิทยาลัย', 'เทคนิค', 'พระนครเหนือ', 'และ']"
"ใน ปี   พ.ศ.   2502   ในนาม   "" โรงเรียน เทคนิค พระนครเหนือ ""   ก่อน จะ",เป็น,"['สถาบัน', 'เทคโนโลยี', 'พระ']"
"ใน ปี   พ.ศ.   2502   ในนาม   "" โรงเรียน เทคนิค พระนครเหนือ ""   ก่อน จะ",จอมเกล้า,"['วิทยาเขต', 'พระนครเหนือ', 'ใน', 'ปี', 'พ.ศ.', '2514', '  ', 'สถาบัน', 'เทคโนโลยี', 'พระ', 'จอมเกล้า', 'สาม']"
"ใน ปี   พ.ศ.   2502   ในนาม   "" โรงเรียน เทคนิค พระนครเหนือ ""   ก่อน จะ",มี,['อำนาจบริหาร']
ใน ปี   พ.ศ.   2529    และ ได้ ถูก,เป็น,"['มหาวิทยาลัย', 'ใน', 'ปี', 'พ.ศ.', '2551', 'ใน', 'ปัจจุบัน', 'มหาวิทยาลัย']"
ใน ปี   พ.ศ.   2529    และ ได้ ถูก,เป็น,"['3', 'วิทยาเขต']"
ใน ปี   พ.ศ.   2529    และ ได้ ถูก,ได้แก่,"['วิทยาเขต', 'กรุงเทพมหานคร', 'ปราจีนบุรี', 'และ', 'ระยอง']"
ใน ปี   พ.ศ.   2529    และ ได้ ถูก,ทำ,"['การเรียน', 'การสอน', '13', '2', 'วิทยาลัย', '2', 'บัณฑิต', 'วิทยาลัย', 'ตั้งแต่', 'ระดับ', 'ประกาศ', 'ณีย', 'บัตร', 'วิชาชีพ', 'ปวช.', 'ปริญญาตรี', 'ปริญญาโท', 'และ', 'ปริญญาเอก']"
มหาวิทยาลัยทักษิณ   ( อังกฤษ :   Thaksin   University ;   อักษรย่อ :   มท ษ.   –   TSU )  ,เป็น,"['สถาบัน', 'อุดมศึกษา', 'ใน', 'กำกับ', 'ของ', 'รัฐ']"
มหาวิทยาลัยทักษิณ   ( อังกฤษ :   Thaksin   University ;   อักษรย่อ :   มท ษ.   –   TSU )  ,มี,"['พื้น', '2', 'วิทยาเขต', 'ใน', 'จังหวัด', 'สงขลา', 'และ', 'จังหวัด', 'พัทลุง', 'ถือกำเนิด', 'มาจาก', 'วิทยาลัย', 'วิชา', 'การศึกษา']"
มหาวิทยาลัยทักษิณ   ( อังกฤษ :   Thaksin   University ;   อักษรย่อ :   มท ษ.   –   TSU )  ,ก่อตั้ง,"['เมือ', 'ปี', 'พ.ศ.', '2511', 'และ']"
มหาวิทยาลัยทักษิณ   ( อังกฤษ :   Thaksin   University ;   อักษรย่อ :   มท ษ.   –   TSU )  ,พัฒนา,['เรื่อย']
มหาวิทยาลัยทักษิณ   ( อังกฤษ :   Thaksin   University ;   อักษรย่อ :   มท ษ.   –   TSU )  ,เป็น,"['มหาวิทยาลัยศรีนครินทรวิโรฒ', 'วิทยาเขต', 'สงขลา', 'ปี', '2517', 'และ', 'แยกตัว']"
มหาวิทยาลัยทักษิณ   ( อังกฤษ :   Thaksin   University ;   อักษรย่อ :   มท ษ.   –   TSU )  ,เป็น,"['เอกเทศ', 'ปี', 'พ.ศ.', '2539']"
มหาวิทยาลัยทักษิณ   ( อังกฤษ :   Thaksin   University ;   อักษรย่อ :   มท ษ.   –   TSU )  ,เป็น,['มหาวิทยาลัยทักษิณ']
มหาวิทยาลัยทักษิณ   ( อังกฤษ :   Thaksin   University ;   อักษรย่อ :   มท ษ.   –   TSU )  ,พระราชบัญญัติ,['มหาวิทยาลัยทักษิณ']
มหาวิทยาลัยทักษิณ   ( อังกฤษ :   Thaksin   University ;   อักษรย่อ :   มท ษ.   –   TSU )  ,ผ่าน,['กระบวนการ']
มหาวิทยาลัยทักษิณ   ( อังกฤษ :   Thaksin   University ;   อักษรย่อ :   มท ษ.   –   TSU )  ,ครบ,['ขั้นตอน']
และ ได้,ประกาศ,"['ใน', 'ราชกิจจานุเบกษา']"
เมื่อ วัน พฤหัสบดี ที่   31   ตุลาคม   พ.ศ.   2539  ,มีผลบังคับใช้,"['ใน', 'วัน', 'ศุกร์', '1', 'พฤศจิกายน', 'พ.ศ.', '2539']"
เมื่อ วัน พฤหัสบดี ที่   31   ตุลาคม   พ.ศ.   2539  ,ถือเป็น,"['วัน', 'สถาปนา', 'มหาวิทยาลัยทักษิณ', 'โดย', 'ชื่อ', 'มหาวิทยาลัยทักษิณ', 'สื่อ', 'ถึง', 'มหาวิทยาลัย', 'แห่ง', 'ภาคใต้', 'ทักษิณ']"
เมื่อ วัน พฤหัสบดี ที่   31   ตุลาคม   พ.ศ.   2539  ,แปล,"['ทิศใต้', '\n', 'มหาวิทยาลัยทักษิณ']"
เมื่อ วัน พฤหัสบดี ที่   31   ตุลาคม   พ.ศ.   2539  ,จัด,"['ใน', 'กลุ่ม', 'สถาบัน', 'อุดมศึกษา']"
เมื่อ วัน พฤหัสบดี ที่   31   ตุลาคม   พ.ศ.   2539  ,เน้น,"['การผลิต', 'บัณฑิต', 'พร้อม']"
เมื่อ วัน พฤหัสบดี ที่   31   ตุลาคม   พ.ศ.   2539  ,พัฒนา,"['ศิลปะ', 'และ', 'วัฒนธรรม']"
เมื่อ วัน พฤหัสบดี ที่   31   ตุลาคม   พ.ศ.   2539  ,ได้รับ,"['การประเมิน', 'จาก', 'สำนักงาน', 'รับรอง', 'มาตรฐาน', 'และ']"
เมื่อ วัน พฤหัสบดี ที่   31   ตุลาคม   พ.ศ.   2539  ,ประเมิน,"['คุณภาพ', 'การศึกษา', 'ใน', 'ระดับ']"
โดยเฉพาะ ใน ด้าน การ,ให้บริการ,"['แก่', 'สังคม']"
ด้าน การ,ทำนุบำรุง,"['ศิลปะ', 'และ', 'วัฒนธรรม', 'และ', 'ด้าน']"
ด้าน การ,ประกัน,"['คุณภาพ', 'ภายใน']"
ด้าน การ,ได้รับ,"['การประเมิน', 'ใน', 'ระดับ']"
ปัจจุบัน   มหาวิทยาลัยทักษิณ,ประกอบด้วย,"['2', 'วิทยาเขต']"
ปัจจุบัน   มหาวิทยาลัยทักษิณ,ได้แก่,"['วิทยาเขต', 'สงขลา', 'และ', 'วิทยาเขต', 'พัทลุง']"
รวมทั้ง,มี,"['สำนักงาน', 'ใน', 'กรุงเทพมหานคร', '1', 'แห่ง']"
รวมทั้ง,จัด,['การเรียน']
รวมทั้ง,การสอน,"['ใน', 'ระดับ', 'ปริญญาตรี', 'ปริญญาโท', 'และ', 'ปริญญาเอก']"
รวมทั้ง,ครอบคลุม,"['สาขา', 'วิชาการ', 'ทางวิทยาศาสตร์', 'วิทยาศาสตร์', 'สุขภาพ', 'สังคมศาสตร์', 'และ', 'มนุษยศาสตร์', 'ใน', '11', '3', 'วิทยาลัย', '1', 'บัณฑิต', 'วิทยาลัย']"
มหาวิทยาลัยพะเยา   ( อังกฤษ :   University   of   Phayao ;   ชื่อย่อ :   มพ.   –   UP )  ,เป็น,"['มหาวิทยาลัย', 'ใน', 'กำกับ', 'ของ', 'รัฐบาล']"
มหาวิทยาลัยพะเยา   ( อังกฤษ :   University   of   Phayao ;   ชื่อย่อ :   มพ.   –   UP )  ,ตั้งอยู่,"['ใน', 'จังหวัด', 'พะเยา']"
มหาวิทยาลัยพะเยา   ( อังกฤษ :   University   of   Phayao ;   ชื่อย่อ :   มพ.   –   UP )  ,เดิม,"['ชื่อ', 'มหาวิทยาลัยนเรศวร', 'วิทยาเขต', 'พะเยา', '  ']"
ต่อมา  ,ตรา,"['พระราชบัญญัติ', 'มหาวิทยาลัยพะเยา', 'พ.ศ.', '2553', 'วันที่', '12', 'กรกฎาคม', 'พ.ศ.', '2553', 'และ']"
ต่อมา  ,ประกาศ,"['ใน', 'ราชกิจจานุเบกษา', 'วันที่', '16', 'กรกฎาคม', 'พ.ศ.', '2553', 'มหาวิทยาลัยพะเยา']"
ต่อมา  ,แยก,"['มหาวิทยาลัยนเรศวร', 'และ']"
ต่อมา  ,เป็น,"['มหาวิทยาลัย', 'เอกเทศ']"
ต่อมา  ,เต็ม,['รูปแบบ']
ต่อมา  ,เป็น,"['มหาวิทยาลัย', 'ของ', 'รัฐ', 'แห่ง', '79', 'ของ', 'ไทย']"
โดย ใน ปัจจุบัน   มหาวิทยาลัยพะเยา,ทำ,"['การสอน', '28', 'ปี']"
นับตั้งแต่,เป็น,"['วิทยาเขต', 'ของ', 'มหาวิทยาลัยนเรศวร']"
มหาวิทยาลัยนวมินทราธิราช   ( อังกฤษ :   Navamindradhiraj   University ;   อักษรย่อ :   นม ร.   –   NMU )  ,เดิม,"['ชื่อ', 'มหาวิทยาลัย', 'กรุงเทพมหานคร', 'ม.', 'กทม.']"
มหาวิทยาลัยนวมินทราธิราช   ( อังกฤษ :   Navamindradhiraj   University ;   อักษรย่อ :   นม ร.   –   NMU )  ,เป็น,"['มหาวิทยาลัย', 'ใน', 'กำกับ', 'ของ', 'กรุงเทพมหานคร']"
มหาวิทยาลัยนวมินทราธิราช   ( อังกฤษ :   Navamindradhiraj   University ;   อักษรย่อ :   นม ร.   –   NMU )  ,ตั้งอยู่,"['ใน', 'เขต', 'ดุสิต', 'กรุงเทพมหานคร', 'ก่อ']"
มหาวิทยาลัยนวมินทราธิราช   ( อังกฤษ :   Navamindradhiraj   University ;   อักษรย่อ :   นม ร.   –   NMU )  ,ตั้งขึ้น,"['วันที่', '13', 'พฤศจิกายน', 'พ.ศ.', '2553']"
มหาวิทยาลัยนวมินทราธิราช   ( อังกฤษ :   Navamindradhiraj   University ;   อักษรย่อ :   นม ร.   –   NMU )  ,มี,"['คณะ', 'วิชา', 'เริ่มแรก']"
มหาวิทยาลัยนวมินทราธิราช   ( อังกฤษ :   Navamindradhiraj   University ;   อักษรย่อ :   นม ร.   –   NMU )  ,เป็น,"['คณะ', 'แพทยศาสตร์', 'วชิรพยาบาล', 'และ', 'คณะพยาบาลศาสตร์', 'เกื้อ', 'การุณย์', 'ปัจจุบัน', 'มหาวิทยาลัยนวมินทราธิราช']"
มหาวิทยาลัยนวมินทราธิราช   ( อังกฤษ :   Navamindradhiraj   University ;   อักษรย่อ :   นม ร.   –   NMU )  ,ประกอบด้วย,"['3', 'วิชา', '2', 'วิทยาลัย', 'จำนวน']"
มหาวิทยาลัยนวมินทราธิราช   ( อังกฤษ :   Navamindradhiraj   University ;   อักษรย่อ :   นม ร.   –   NMU )  ,รวม,"['หลักสูตร', '15', 'หลักสูตร', 'ประกอบด้วย', 'ระดับ', 'ปริญญาตรี', '12', 'หลักสูตร', 'ระดับ', 'บัณฑิตศึกษา', '3', 'หลักสูตร', 'และ', 'หลักสูตร']"
มหาวิทยาลัยนวมินทราธิราช   ( อังกฤษ :   Navamindradhiraj   University ;   อักษรย่อ :   นม ร.   –   NMU )  ,ฝึกอบรม,"['ๆ', 'เช่น', 'วุฒิบัตร']"
มหาวิทยาลัยนวมินทราธิราช   ( อังกฤษ :   Navamindradhiraj   University ;   อักษรย่อ :   นม ร.   –   NMU )  ,แสดง,"['ความรู้', 'ความชำนาญ', 'ใน']"
มหาวิทยาลัยนวมินทราธิราช   ( อังกฤษ :   Navamindradhiraj   University ;   อักษรย่อ :   นม ร.   –   NMU )  ,ประกอบ,"['วิชาชีพ', 'เวชกรรม', 'หลักสูตร', 'มหานคร', 'หลักสูตร', 'ผู้นำ', 'เมือง', '\n', 'มหาวิทยาลัยนวมินทราธิราช']"
ยัง,ให้บริการ,"['วิชาการ', 'แก่', 'สังคม']"
ยัง,สอดคล้อง,"['กับ', 'ความต้องการ', 'ของ', 'เมือง']"
การวิจัย เพื่อ,พัฒนา,"['ศาสตร์', 'เขตเมือง', 'และ']"
การวิจัย เพื่อ,ทำนุบำรุง,"['ศิลปวัฒนธรรม', 'และ', 'อนุรักษ์', 'ภูมิปัญญา', 'ของ', 'กรุงเทพมหานคร', 'ภายใต้', 'การบริหาร']"
การวิจัย เพื่อ,จัด,"['การตาม', 'หลักธรรม', 'ภิ', 'บาล']"
การวิจัย เพื่อ,มุ่ง,['สู่']
การวิจัย เพื่อ,เป็น,"['มหาวิทยาลัย', 'แห่ง', 'เมือง', 'City', 'University', 'อันดับ', '1', 'ใน', 'ภูมิภาค', 'อาเซียน', 'ภายใต้', 'ปรัชญา', 'ผู้นำ', 'ด้าน', 'ศาสตร์', 'เขตเมือง']"
สถาบันดนตรีกัลยาณิวัฒนา   ( อังกฤษ :   Princess   Galyani   Vadhana   Institute   of   Music ;   อักษรย่อ :   สกว.   –   PGVIM )  ,เป็น,"['สถาบัน', 'อุดมศึกษา', 'ใน', 'กำกับ', 'ของ', 'รัฐ', 'ก่อ']"
สถาบันดนตรีกัลยาณิวัฒนา   ( อังกฤษ :   Princess   Galyani   Vadhana   Institute   of   Music ;   อักษรย่อ :   สกว.   –   PGVIM )  ,ตั้งขึ้น,"['วันที่', '26', 'พฤษภาคม', 'พ.ศ.', '2555']"
สถาบันดนตรีกัลยาณิวัฒนา   ( อังกฤษ :   Princess   Galyani   Vadhana   Institute   of   Music ;   อักษรย่อ :   สกว.   –   PGVIM )  ,มี,['สถาบัน']
สถาบันดนตรีกัลยาณิวัฒนา   ( อังกฤษ :   Princess   Galyani   Vadhana   Institute   of   Music ;   อักษรย่อ :   สกว.   –   PGVIM )  ,ให้ความสำคัญ,"['ต่อ', 'ดนตรี', 'คลาสสิก']"
โดย,ยกฐานะ,"['สถาบันดนตรีกัลยาณิวัฒนา', 'ใน', 'กำกับ', 'ของ', 'มหาวิทยาลัยศิลปากร']"
โดย,เป็น,"['สถาบัน', 'อุดมศึกษา']"
มหาวิทยาลัยสวนดุสิต   ( อังกฤษ :   Suan   Dusit   University ;   อักษรย่อ :   มสด.   –   SDU )  ,พัฒนา,"['จาก', 'โรงเรียน', 'การเรือน', 'แห่ง', 'แรก', 'ของ', 'ประเทศ', 'ไทย', 'สู่']"
มหาวิทยาลัยสวนดุสิต   ( อังกฤษ :   Suan   Dusit   University ;   อักษรย่อ :   มสด.   –   SDU )  ,เป็น,"['มหาวิทยาลัยสวนดุสิต', 'มหาวิทยาลัย', 'ใน', 'กลุ่ม', 'มหาวิทยาลัย', 'ใน', 'กำกับ', 'ของ', 'รัฐ']"
มหาวิทยาลัยสวนดุสิต   ( อังกฤษ :   Suan   Dusit   University ;   อักษรย่อ :   มสด.   –   SDU )  ,เป็น,['สถาบัน']
มหาวิทยาลัยสวนดุสิต   ( อังกฤษ :   Suan   Dusit   University ;   อักษรย่อ :   มสด.   –   SDU )  ,มีชื่อเสียง,"['ทาง', 'ด้าน', 'การศึกษา', 'ปฐมวัย', 'คหกรรมศาสตร์', 'ธุรกิจ']"
มหาวิทยาลัยธรรมศาสตร์   ( อังกฤษ :   Thammasat   University ;   อักษรย่อ :   ม ธ.   –   TU )  ,เป็น,"['มหาวิทยาลัย', 'แห่ง', 'ที่สอง', 'ของ', 'ประเทศ', 'ไทย']"
มหาวิทยาลัยธรรมศาสตร์   ( อังกฤษ :   Thammasat   University ;   อักษรย่อ :   ม ธ.   –   TU )  ,ก่อตั้ง,"['ใน', 'ชื่อ', 'มหาวิทยาลัย', 'วิชา', 'ธรรมศาสตร์', 'และ', 'การเมือง', 'อังกฤษ', 'The', 'University', 'of', 'Moral', 'and', 'Political', 'Sciences', 'อักษรย่อ', 'ม.', 'ธ.', 'ก.', '–', 'UMPS', 'วันที่', '27', 'มิถุนายน', 'พ.ศ.', '2477']"
มหาวิทยาลัยธรรมศาสตร์   ( อังกฤษ :   Thammasat   University ;   อักษรย่อ :   ม ธ.   –   TU )  ,มี,['จุดประสงค์']
มหาวิทยาลัยธรรมศาสตร์   ( อังกฤษ :   Thammasat   University ;   อักษรย่อ :   ม ธ.   –   TU )  ,เป็น,['ตลาดวิชา']
มหาวิทยาลัยธรรมศาสตร์   ( อังกฤษ :   Thammasat   University ;   อักษรย่อ :   ม ธ.   –   TU )  ,การศึกษา,"['ด้าน', 'กฎหมาย', 'และ', 'การเมือง']"
ต่อมา ใน   พ.ศ.   2495   รัฐบาล,เปลี่ยนเป็น,"['ชื่อ', 'ปัจจุบัน']"
ต่อมา ใน   พ.ศ.   2495   รัฐบาล,เป็น,"['มหาวิทยาลัย', 'มีอายุ']"
ต่อมา ใน   พ.ศ.   2495   รัฐบาล,เป็น,"['อันดับ', '2', 'ของ', 'ประเทศ', 'ไทย']"
และ,มี,['ประวัติศาสตร์']
และ,ผูกพัน,"['กับ', 'พัฒนาการ', 'ทางการเมือง', 'และ', 'ความเป็นไป', 'ของ', 'ชาติ']"
โดยเฉพาะอย่างยิ่ง ใน เหตุการณ์   14   ตุลา   2516   และ   6   ตุลา   2519   มหาวิทยาลัยธรรมศาสตร์,ประ,"['สาสน์', 'และ', 'อธิการบดี', '23', 'คน', '  ', 'อธิการบดี', 'คน', 'ปัจจุบัน']"
โดยเฉพาะอย่างยิ่ง ใน เหตุการณ์   14   ตุลา   2516   และ   6   ตุลา   2519   มหาวิทยาลัยธรรมศาสตร์,เป็น,"['รองศาสตราจารย์', 'เกศินี', 'วิ', 'ฑูร', 'ชาติ', 'และ', 'นายก', 'สภา', 'มหาวิทยาลัย']"
โดยเฉพาะอย่างยิ่ง ใน เหตุการณ์   14   ตุลา   2516   และ   6   ตุลา   2519   มหาวิทยาลัยธรรมศาสตร์,เป็น,"['ศาสตราจารย์', 'ดร.', 'สุร', 'พล', 'นิติ', 'ไกร', 'พจน์', '\n', 'วันที่', '17', 'กรกฎาคม', 'พ.ศ.', '2558', 'ราชกิจจานุเบกษา', 'ประกาศ', 'พระราชบัญญัติ', 'มหาวิทยาลัยธรรมศาสตร์', 'พ.ศ.', '2558']"
โดยเฉพาะอย่างยิ่ง ใน เหตุการณ์   14   ตุลา   2516   และ   6   ตุลา   2519   มหาวิทยาลัยธรรมศาสตร์,มีผล,['มหาวิทยาลัยธรรมศาสตร์']
โดยเฉพาะอย่างยิ่ง ใน เหตุการณ์   14   ตุลา   2516   และ   6   ตุลา   2519   มหาวิทยาลัยธรรมศาสตร์,มี,['สภาพ']
โดยเฉพาะอย่างยิ่ง ใน เหตุการณ์   14   ตุลา   2516   และ   6   ตุลา   2519   มหาวิทยาลัยธรรมศาสตร์,เป็น,"['มหาวิทยาลัย', 'ใน', 'กำกับ', 'ของ', 'รัฐ', 'ใน', '30', 'วัน', 'มหาวิทยาลัย', 'เป็นสมาชิก', 'ของ', 'เครือข่าย', 'LAOTSE']"
โดยเฉพาะอย่างยิ่ง ใน เหตุการณ์   14   ตุลา   2516   และ   6   ตุลา   2519   มหาวิทยาลัยธรรมศาสตร์,เป็น,"['ความร่วมมือ', 'ระหว่าง', 'มหาวิทยาลัย', 'ใน', 'เอเชีย', 'และ', 'ยุโรป', 'ตาม', 'กรอบ', 'ความร่วมมือ', 'อาเซม', 'รวมทั้ง', 'เป็นสมาชิก', 'ของ', 'เครือข่าย', 'สถาบันการศึกษา', 'และ']"
โดยเฉพาะอย่างยิ่ง ใน เหตุการณ์   14   ตุลา   2516   และ   6   ตุลา   2519   มหาวิทยาลัยธรรมศาสตร์,วิจัย,"['ใน', 'อนุ', 'ภูมิภาค', 'ลุ่ม', 'แม่น้ำ', 'โขง', 'GMSARN', '\n', 'ปัจจุบัน', 'มหาวิทยาลัยธรรมศาสตร์']"
โดยเฉพาะอย่างยิ่ง ใน เหตุการณ์   14   ตุลา   2516   และ   6   ตุลา   2519   มหาวิทยาลัยธรรมศาสตร์,จัด,['การศึกษา']
โดยเฉพาะอย่างยิ่ง ใน เหตุการณ์   14   ตุลา   2516   และ   6   ตุลา   2519   มหาวิทยาลัยธรรมศาสตร์,ครอบคลุม,"['ทาง', 'ด้าน', 'สังคมศาสตร์', 'และ', 'มนุษยศาสตร์', 'วิทยาศาสตร์', 'และ', 'เทคโนโลยี']"
และ วิทยาศาสตร์ สุขภาพ  ,ประกอบ,"['ด้วย', '19', '4', 'วิทยาลัย', '1', 'สถาบัน', '1', 'สำนัก', 'วิชา', 'จำนวน', 'หลักสูตร', 'ระดับ', 'จำนวน', '297', 'หลักสูตร']"
และ วิทยาศาสตร์ สุขภาพ  ,เป็น,"['ระดับ', 'ปริญญาตรี', '139', 'หลักสูตร', 'ประกาศนียบัตร', 'บัณฑิต', '6', 'หลักสูตร', 'ปริญญาตรี', 'ควบ', 'ปริญญาโท', '4', 'หลักสูตร', 'ปริญญาโท', '118', 'หลักสูตร', 'และ', 'ปริญญาเอก', '34', 'หลักสูตร']"
และ วิทยาศาสตร์ สุขภาพ  ,จัด,"['การศึกษา', 'ภาค', 'กลางวัน', 'และ', 'ภาค', 'ค่ำ', 'ข้อมูล', 'พ.ศ.', '2557', '–', '2558', '  ']"
นอกจากนี้,เป็น,"['1', 'ใน', '9', 'มหาวิทยาลัย']"
นอกจากนี้,วิจัย,"['แห่งชาติ', 'จาก', 'กระทรวงศึกษาธิการ', 'ใน', 'ปี', 'พ.ศ.', '2552']"
วิทยาลัยวิทยาศาสตร์การแพทย์เจ้าฟ้าจุฬาภรณ์  ,เป็น,"['สถาบัน', 'อุดมศึกษา', 'ใน', 'กำกับ', 'ของ', 'รัฐ']"
วิทยาลัยวิทยาศาสตร์การแพทย์เจ้าฟ้าจุฬาภรณ์  ,มี,['หน้าที่']
วิทยาลัยวิทยาศาสตร์การแพทย์เจ้าฟ้าจุฬาภรณ์  ,จัด,"['การศึกษา', 'ทาง', 'ด้าน', 'แพทยศาสตร์', 'พยาบาลศาสตร์', 'สาธารณสุข', 'ศาสตร์', 'วิทยาศาสตร์', 'การแพทย์', 'วิทยาศาสตร์', 'สุขภาพ']"
วิทยาลัยวิทยาศาสตร์การแพทย์เจ้าฟ้าจุฬาภรณ์  ,ทำ,"['การวิจัย', 'และ']"
วิทยาลัยวิทยาศาสตร์การแพทย์เจ้าฟ้าจุฬาภรณ์  ,ทำ,['การวิจัย']
วิทยาลัยวิทยาศาสตร์การแพทย์เจ้าฟ้าจุฬาภรณ์  ,สร้าง,"['องค์ความรู้', 'ใน', 'เรื่อง', 'และ']"
วิทยาลัยวิทยาศาสตร์การแพทย์เจ้าฟ้าจุฬาภรณ์  ,ให้บริการ,['ใน']
วิทยาลัยวิทยาศาสตร์การแพทย์เจ้าฟ้าจุฬาภรณ์  ,บำบัดรักษา,['ผู้ป่วย']
มหาวิทยาลัยสงขลานครินทร์   ( อังกฤษ :   Prince   of   Songkla   University ;   อักษรย่อ :   ม. อ.   –   PSU )  ,เป็น,"['สถาบัน', 'อุดมศึกษา', 'และ', 'มหาวิทยาลัย', 'แห่ง', 'แรก', 'ใน', 'ภาคใต้']"
มหาวิทยาลัยสงขลานครินทร์   ( อังกฤษ :   Prince   of   Songkla   University ;   อักษรย่อ :   ม. อ.   –   PSU )  ,เป็น,"['สถาบัน', 'อุดมศึกษา', 'แห่ง', '13', 'และ', 'มหาวิทยาลัย', 'แห่ง', '8', 'ของ', 'ประเทศ', 'ไทย']"
ก่อตั้ง ใน ปี   พ.ศ.   2510   โดย,ใช้,"['ชื่อว่า', 'มหาวิทยาลัย', 'ภาคใต้']"
ต่อมา   พระ บาท สมเด็จ พระ,บรม,"['ชน', 'กา', 'ธิเบศร', 'มหา', 'ภูมิพล', 'อดุลยเดช', 'มหาราช', 'บรม', 'นาถ', 'บพิตร']"
ต่อมา   พระ บาท สมเด็จ พระ,พระราชทาน,"['นาม', 'สงขลา', 'นครินทร์']"
เมื่อ วันที่   22   กันยายน   พ.ศ.   2510   จึง,ถือว่า,"['วันที่', '22', 'กันยายน', 'ของ', 'ทุกปี']"
เมื่อ วันที่   22   กันยายน   พ.ศ.   2510   จึง,เป็น,"['วัน', 'สงขลา', 'นครินทร์']"
ต่อมา   วันที่   12   มีนาคม   พ.ศ.   2511   ได้,มี,['พระบรมราชโองการ']
ต่อมา   วันที่   12   มีนาคม   พ.ศ.   2511   ได้,ประกาศใช้,"['พระราชบัญญัติ', 'มหาวิทยาลัยสงขลานครินทร์', 'พ.ศ.', '2511']"
วันที่   13   มีนาคม ของ ทุกปี,เป็น,"['วัน', 'สถาปนา', 'มหาวิทยาลัย']"
ปัจจุบัน,เป็น,"['1', 'ใน', '9', 'มหาวิทยาลัย']"
ปัจจุบัน,วิจัย,"['แห่งชาติ', 'จาก', 'กระทรวงศึกษาธิการ', 'ใน', 'ปี', 'พ.ศ.', '2561', '\n', 'ใน', 'ระยะแรก', 'ของ']"
ปัจจุบัน,ได้รับ,['นักศึกษา']
ปัจจุบัน,ศึกษา,"['ใน', 'คณะวิศวกรรมศาสตร์']"
โดย,ใช้,"['อาคารเรียน', 'ของ', 'คณะวิทยาศาสตร์']"
มหาวิทยาลัย แพทยศาสตร์   ( ปัจจุบัน,เป็น,['มหาวิทยาลัยมหิดล']
มหาวิทยาลัย แพทยศาสตร์   ( ปัจจุบัน,เป็น,['สถานที่']
มหาวิทยาลัย แพทยศาสตร์   ( ปัจจุบัน,ศึกษา,"['และ', 'ปี', 'พ.ศ.', '2511']"
มหาวิทยาลัย แพทยศาสตร์   ( ปัจจุบัน,ย้าย,"['นักศึกษา', 'คณะศึกษาศาสตร์']"
มหาวิทยาลัย แพทยศาสตร์   ( ปัจจุบัน,เรียน,"['จังหวัด', 'ปัตตานี']"
ใน ปี   พ.ศ.   2514  ,ย้าย,"['นักศึกษา', 'ของ', 'คณะวิศวกรรมศาสตร์']"
ใน ปี   พ.ศ.   2514  ,เรียน,"['ที่', 'วิทยาเขต', 'หาดใหญ่']"
ซึ่ง ปัจจุบัน,เป็น,['วิทยาเขต']
ซึ่ง ปัจจุบัน,ใหญ่,"['พ.ศ.', '2520']"
ซึ่ง ปัจจุบัน,เปิด,"['วิทยาเขต', 'ภูเก็ต', 'พ.ศ.', '2533']"
ซึ่ง ปัจจุบัน,เปิด,"['วิทยาเขต', 'สุราษฎร์ธานี', 'และ', 'พ.ศ.', '2534']"
ซึ่ง ปัจจุบัน,เปิด,"['วิทยาเขต', 'ตรัง', '\n', 'ปัจจุบัน', 'มหาวิทยาลัยสงขลานครินทร์']"
ซึ่ง ปัจจุบัน,เปิด,"['การสอน', 'ทั้ง', 'ใน', 'ระดับ', 'ปริญญาตรี', 'ปริญญาโท', 'และ', 'ปริญญาเอก', 'ใน', '31', '7', 'วิทยาลัย', 'ใน', '5', 'วิทยาเขต']"
ซึ่ง ปัจจุบัน,ครอบคลุม,"['สาขา', 'วิทยาศาสตร์', 'และ', 'เทคโนโลยี']"
ซึ่ง ปัจจุบัน,มี,"['บัณฑิต', 'วิทยาลัย']"
ซึ่ง ปัจจุบัน,ดูแล,['การเรียน']
ซึ่ง ปัจจุบัน,การสอน,"['ใน', 'ระดับ', 'ปริญญาโท', 'และ', 'เอก']"
มหาวิทยาลัยสงขลานครินทร์,มี,"['นักศึกษา', 'ใน', 'คณะ', 'และ', 'วิทยาลัย']"
มหาวิทยาลัยสงขลานครินทร์,รวม,"['200', 'คน']"
มหาวิทยาลัยสงขลานครินทร์,ทำ,"['การเรียน', 'การสอน', 'ทั้ง', 'หลักสูตร', 'ภาษาไทย', 'และ', 'หลักสูตร', 'นานาชาติ', 'และ', 'ภาษา', 'กะเทย', 'ภาค']"
มหาวิทยาลัยสงขลานครินทร์,ปกติ,"['และ', 'ภาค']"
โรงเรียนสามัคคีวิทยาคม   (,ย่อ,"['ส.ว.', 'ค.)']"
โรงเรียน ประจำจังหวัด เชียงราย สามัคคี วิทยาคม  ,เป็น,"['หน่วยงาน', 'ราชการส่วนภูมิภาค', 'ของ', 'ประเทศ', 'ไทย']"
ประเภท สถานศึกษา ของ รัฐ ที่,จัด,"['การศึกษา', 'ขั้นพื้นฐาน', 'และ']"
ประเภท สถานศึกษา ของ รัฐ ที่,เป็น,"['โรงเรียน', 'ประจำจังหวัด', 'เชียงราย']"
ประเภท สถานศึกษา ของ รัฐ ที่,มี,['สถานะ']
ประเภท สถานศึกษา ของ รัฐ ที่,เป็น,"['นิติบุคคล', 'มหาชน']"
ประเภท สถานศึกษา ของ รัฐ ที่,ตามกฎหมาย,"['ว่าด้วย', 'ระเบียบ']"
ประเภท สถานศึกษา ของ รัฐ ที่,จัดการ,"['ราชการ', 'กระทรวงศึกษาธิการ']"
ประเภท สถานศึกษา ของ รัฐ ที่,สังกัด,"['สำนักงานเขต', 'พื้นที่', 'การศึกษา', 'มัธยมศึกษา', 'เขต', '36', 'สำนักงาน', 'คณะกรรมการ', 'การศึกษา', 'ขั้นพื้นฐาน', 'กระทรวงศึกษาธิการ', '\n', 'โรงเรียนสามัคคีวิทยาคม', 'ก่อ']"
ประเภท สถานศึกษา ของ รัฐ ที่,ตั้งขึ้น,"['โดย', 'พระยา', 'ศรี', 'สุริย', 'รา', 'ชว', 'รา', 'นุ', 'วัตร', '(ศุข', 'ดิ', 'ษย', 'บุตร', 'ผู้ว่าราชการจังหวัด', 'เชียงราย', 'พ.ศ.', '2451']"
ประเภท สถานศึกษา ของ รัฐ ที่,ตรง,"['กับ', 'ปี', '41', 'ใน', 'รัชกาล', 'พระบาทสมเด็จพระจุลจอมเกล้าเจ้าอยู่หัว', 'และ', 'มีอายุ', 'หนึ่ง', 'ศตวรรษ', 'ใน', 'พ.ศ.', '2551']"
ประเภท สถานศึกษา ของ รัฐ ที่,เป็น,"['สถานศึกษา', 'ของ', 'รัฐ']"
ประเภท สถานศึกษา ของ รัฐ ที่,เป็น,"['อันดับ', '15', 'ของ', 'ประเทศ', 'ไทย']"
ปัจจุบัน  ,จัด,"['การศึกษา', 'ระดับ', 'มัธยมศึกษา']"
รูปแบบ สหศึกษา   และ,เป็น,"['โรงเรียน', 'มัธยมศึกษา']"
โรงเรียนยุพราชวิทยาลัย   ( อักษรย่อ :   ย.ว.; อังกฤษ :   Yupparaj   Wittayalai   School )  ,เป็น,"['โรงเรียนรัฐบาล', 'แห่ง', 'แรก', 'ของ', 'ภาคเหนือ', 'และ', 'โรงเรียน', 'สหศึกษา', 'ของ', 'รัฐบาล', 'ประจำจังหวัด', 'เชียงใหม่']"
โรงเรียนยุพราชวิทยาลัย   ( อักษรย่อ :   ย.ว.; อังกฤษ :   Yupparaj   Wittayalai   School )  ,สอน,"['ตั้งแต่', 'ระดับ', 'ชั้นมัธยมศึกษา', 'ปี', '1', 'ถึง', '6', 'สังกัด', 'สำนักงานเขต', 'พื้นที่', 'การศึกษา', 'มัธยมศึกษา', 'เชียงใหม่', 'สำนักงาน', 'คณะกรรมการ', 'การศึกษา', 'ขั้นพื้นฐาน', 'กระทรวงศึกษาธิการ']"
โรงเรียนยุพราชวิทยาลัย   ( อักษรย่อ :   ย.ว.; อังกฤษ :   Yupparaj   Wittayalai   School )  ,เป็น,"['สถานศึกษา', 'ใน', 'พระ', 'อุปถัมภ์', 'ของ', 'สมเด็จ', 'พระเจ้า', 'ภคินี', 'เธอ']"
เจ้าฟ้า เพชร รัตน ราช สุดา   สิริ โสภา พัณณ วดี   โรงเรียน,ก่อ,"['ใน', 'ปี', '  ', 'พ.ศ.', '2432', 'โดย', 'มีชื่อ', 'แรก']"
เจ้าฟ้า เพชร รัตน ราช สุดา   สิริ โสภา พัณณ วดี   โรงเรียน,ตั้ง,['โรงเรียน']
เจ้าฟ้า เพชร รัตน ราช สุดา   สิริ โสภา พัณณ วดี   โรงเรียน,เมือง,"['นคร', 'เชียงใหม่']"
และ เมื่อ วันที่   24   ธันวาคม   พ.ศ.   2448   พระบาทสมเด็จพระมงกุฎเกล้าเจ้าอยู่หัว   ขณะ,ดำรง,"['พระ', 'อิส', 'ริ']"
และ เมื่อ วันที่   24   ธันวาคม   พ.ศ.   2448   พระบาทสมเด็จพระมงกุฎเกล้าเจ้าอยู่หัว   ขณะ,เป็น,"['สมเด็จพระยุพราช', 'ใน', 'รัชกาล', '5']"
และ เมื่อ วันที่   24   ธันวาคม   พ.ศ.   2448   พระบาทสมเด็จพระมงกุฎเกล้าเจ้าอยู่หัว   ขณะ,พระราชทาน,"['นาม', 'โรงเรียน']"
และ เมื่อ วันที่   24   ธันวาคม   พ.ศ.   2448   พระบาทสมเด็จพระมงกุฎเกล้าเจ้าอยู่หัว   ขณะ,ใหม่,['โรงเรียนยุพราชวิทยาลัย']
และ เมื่อ วันที่   24   ธันวาคม   พ.ศ.   2448   พระบาทสมเด็จพระมงกุฎเกล้าเจ้าอยู่หัว   ขณะ,มีความหมาย,"['โรงเรียน', 'ของ', 'สมเด็จพระยุพราช', 'สมเด็จพระบรมโอรสาธิราช', 'เจ้าฟ้า', 'มหา', 'วชิราวุธ']"
และ เมื่อ วันที่   24   ธันวาคม   พ.ศ.   2448   พระบาทสมเด็จพระมงกุฎเกล้าเจ้าอยู่หัว   ขณะ,สยาม,"['มกุฎราชกุมาร', ')""']"
โรงเรียนพะเยาพิทยาคม  ,เป็น,"['โรงเรียนรัฐบาล', 'ประจำจังหวัด', 'พะเยา']"
โรงเรียนพะเยาพิทยาคม  ,มี,"['ชื่อว่า', 'โรงเรียน', 'พะเยา', 'พะเยา', 'พิทยาคม', 'ปัก', 'หน้าอก']"
โรงเรียนพะเยาพิทยาคม  ,เป็น,"['ช.', 'ร.', '๓']"
เพราะ,เป็น,"['โรงเรียนมัธยม', 'แห่ง', '๓', 'ของ', 'จังหวัด', 'เชียงราย', 'ใน', 'สมัย']"
ใน ช่วง ปี   พ.ศ.   2513   -   พ.ศ.   2514   ได้,รวม,"['กับ', 'โรงเรียนสตรี', 'พะเยา', 'และ']"
ปัจจุบัน,จัด,"['การศึกษา', 'ระดับ', 'มัธยมศึกษา', 'รูปแบบ', 'สหศึกษา']"
ปัจจุบัน,เป็น,"['สถาน', 'มัธยมศึกษา', 'ขนาดใหญ่พิเศษ', 'และ']"
ปัจจุบัน,เป็น,"['ส่วนราชการ', 'ใน', 'บังคับ', 'ของ', 'สำนักงานเขต', 'พื้นที่', 'การศึกษา', 'พะเยา', 'เขต', '1', 'สำนักงาน', 'คณะกรรมการ', 'การศึกษา', 'ขั้นพื้นฐาน', 'กระทรวงศึกษาธิการ']"
ปัจจุบัน,มี,['สถานะ']
ปัจจุบัน,เป็น,['นิติบุคคล']
ปัจจุบัน,ตามกฎหมาย,"['ว่าด้วย', 'ระเบียบ']"
ปัจจุบัน,จัดการ,"['ราชการ', 'กระทรวงศึกษาธิการ']"
โรงเรียนพิริยาลัยจังหวัดแพร่   ( คำเมือง :   ᩁᩰᩫ᩠ᨦᩁ᩠ᨿᩁᨻᩥᩁᩥ᩠ᨿᩣᩃᩲ᩠ᨿᨧᩢ᩠ᨦᩉ᩠ᩅᩢᨯᨻᩯ᩵ᩖ)   แต่เดิม,ชื่อว่า,"['โรงเรียน', 'เทพ', 'วงศ์']"
โรงเรียนพิริยาลัยจังหวัดแพร่   ( คำเมือง :   ᩁᩰᩫ᩠ᨦᩁ᩠ᨿᩁᨻᩥᩁᩥ᩠ᨿᩣᩃᩲ᩠ᨿᨧᩢ᩠ᨦᩉ᩠ᩅᩢᨯᨻᩯ᩵ᩖ)   แต่เดิม,ตั้งอยู่,['ระหว่าง']
โรงเรียนพิริยาลัยจังหวัดแพร่   ( คำเมือง :   ᩁᩰᩫ᩠ᨦᩁ᩠ᨿᩁᨻᩥᩁᩥ᩠ᨿᩣᩃᩲ᩠ᨿᨧᩢ᩠ᨦᩉ᩠ᩅᩢᨯᨻᩯ᩵ᩖ)   แต่เดิม,วัด,"['พระ', 'บาท', 'และ']"
โรงเรียนพิริยาลัยจังหวัดแพร่   ( คำเมือง :   ᩁᩰᩫ᩠ᨦᩁ᩠ᨿᩁᨻᩥᩁᩥ᩠ᨿᩣᩃᩲ᩠ᨿᨧᩢ᩠ᨦᩉ᩠ᩅᩢᨯᨻᩯ᩵ᩖ)   แต่เดิม,วัด,"['มิ่ง', 'เมือง', 'ใน', 'สมัย']"
โรงเรียนพิริยาลัยจังหวัดแพร่   ( คำเมือง :   ᩁᩰᩫ᩠ᨦᩁ᩠ᨿᩁᨻᩥᩁᩥ᩠ᨿᩣᩃᩲ᩠ᨿᨧᩢ᩠ᨦᩉ᩠ᩅᩢᨯᨻᩯ᩵ᩖ)   แต่เดิม,ก่อตั้ง,"['พ.ศ.', '2444']"
โรงเรียนพิริยาลัยจังหวัดแพร่   ( คำเมือง :   ᩁᩰᩫ᩠ᨦᩁ᩠ᨿᩁᨻᩥᩁᩥ᩠ᨿᩣᩃᩲ᩠ᨿᨧᩢ᩠ᨦᩉ᩠ᩅᩢᨯᨻᩯ᩵ᩖ)   แต่เดิม,ย้าย,"['ตั้งหน้า', 'จวน', 'ผู้ว่าราชการจังหวัด', 'ปัจจุบัน']"
โรงเรียนพิริยาลัยจังหวัดแพร่   ( คำเมือง :   ᩁᩰᩫ᩠ᨦᩁ᩠ᨿᩁᨻᩥᩁᩥ᩠ᨿᩣᩃᩲ᩠ᨿᨧᩢ᩠ᨦᩉ᩠ᩅᩢᨯᨻᩯ᩵ᩖ)   แต่เดิม,เป็น,"['โรงเรียน', 'นารี', 'รัตน์', 'จังหวัด']"
โรงเรียนพิริยาลัยจังหวัดแพร่   ( คำเมือง :   ᩁᩰᩫ᩠ᨦᩁ᩠ᨿᩁᨻᩥᩁᩥ᩠ᨿᩣᩃᩲ᩠ᨿᨧᩢ᩠ᨦᩉ᩠ᩅᩢᨯᨻᩯ᩵ᩖ)   แต่เดิม,แพร่,"['และ', 'ผู้ว่าราชการ', 'ใน', 'สมัย']"
โรงเรียนพิริยาลัยจังหวัดแพร่   ( คำเมือง :   ᩁᩰᩫ᩠ᨦᩁ᩠ᨿᩁᨻᩥᩁᩥ᩠ᨿᩣᩃᩲ᩠ᨿᨧᩢ᩠ᨦᩉ᩠ᩅᩢᨯᨻᩯ᩵ᩖ)   แต่เดิม,เป็น,"['พระยา', 'นิกร', 'กิตติ', 'กั๊ก', 'ศรี', 'เพ็ญ']"
โรงเรียนพิริยาลัยจังหวัดแพร่   ( คำเมือง :   ᩁᩰᩫ᩠ᨦᩁ᩠ᨿᩁᨻᩥᩁᩥ᩠ᨿᩣᩃᩲ᩠ᨿᨧᩢ᩠ᨦᩉ᩠ᩅᩢᨯᨻᩯ᩵ᩖ)   แต่เดิม,เห็น,['พื้นที่']
โรงเรียนพิริยาลัยจังหวัดแพร่   ( คำเมือง :   ᩁᩰᩫ᩠ᨦᩁ᩠ᨿᩁᨻᩥᩁᩥ᩠ᨿᩣᩃᩲ᩠ᨿᨧᩢ᩠ᨦᩉ᩠ᩅᩢᨯᨻᩯ᩵ᩖ)   แต่เดิม,เดิม,['คับแคบ']
โรงเรียนพิริยาลัยจังหวัดแพร่   ( คำเมือง :   ᩁᩰᩫ᩠ᨦᩁ᩠ᨿᩁᨻᩥᩁᩥ᩠ᨿᩣᩃᩲ᩠ᨿᨧᩢ᩠ᨦᩉ᩠ᩅᩢᨯᨻᩯ᩵ᩖ)   แต่เดิม,ติด,['ถนน']
โรงเรียนพิริยาลัยจังหวัดแพร่   ( คำเมือง :   ᩁᩰᩫ᩠ᨦᩁ᩠ᨿᩁᨻᩥᩁᩥ᩠ᨿᩣᩃᩲ᩠ᨿᨧᩢ᩠ᨦᩉ᩠ᩅᩢᨯᨻᩯ᩵ᩖ)   แต่เดิม,เพชร,"['รัตน์', 'ปัจจุบัน', 'ถนน']"
โรงเรียนพิริยาลัยจังหวัดแพร่   ( คำเมือง :   ᩁᩰᩫ᩠ᨦᩁ᩠ᨿᩁᨻᩥᩁᩥ᩠ᨿᩣᩃᩲ᩠ᨿᨧᩢ᩠ᨦᩉ᩠ᩅᩢᨯᨻᩯ᩵ᩖ)   แต่เดิม,ยันตร,"['กิจ', 'โกศล']"
โรงเรียนพิริยาลัยจังหวัดแพร่   ( คำเมือง :   ᩁᩰᩫ᩠ᨦᩁ᩠ᨿᩁᨻᩥᩁᩥ᩠ᨿᩣᩃᩲ᩠ᨿᨧᩢ᩠ᨦᩉ᩠ᩅᩢᨯᨻᩯ᩵ᩖ)   แต่เดิม,ก่อสร้าง,['โรงเรียน']
เจ้าฟ้า เพชร รัตน ราช สุดา   สิริ โสภา พัณณ วดี,เป็น,"['โรงเรียน', 'มัธยมศึกษา', 'ประจำจังหวัด', 'ลำปาง', 'และ']"
เจ้าฟ้า เพชร รัตน ราช สุดา   สิริ โสภา พัณณ วดี,เป็น,"['โรงเรียน', 'มัธยมศึกษา']"
เจ้าฟ้า เพชร รัตน ราช สุดา   สิริ โสภา พัณณ วดี,ขนาดใหญ่พิเศษ,"['แบบ', 'สหศึกษา']"
เจ้าฟ้า เพชร รัตน ราช สุดา   สิริ โสภา พัณณ วดี,สอน,"['ตั้งแต่', 'ระดับ', 'ชั้นมัธยมศึกษา', 'ปี', '1', 'ถึง', '6', 'สังกัด', 'สำนักงานเขต', 'พื้นที่', 'การศึกษา', 'มัธยมศึกษา', 'เขต', '35', 'ลำปาง', 'ลำพูน', 'สำนักงาน', 'คณะกรรมการ', 'การศึกษา', 'ขั้นพื้นฐาน', 'กระทรวงศึกษาธิการ']"
เจ้าฟ้า เพชร รัตน ราช สุดา   สิริ โสภา พัณณ วดี,ตั้งอยู่,"['ที่', 'เลขที่', '230', 'ถนน', 'พหลโยธิน']"
เจ้าฟ้า เพชร รัตน ราช สุดา   สิริ โสภา พัณณ วดี,ตำบล,"['หัว', 'เวียง', 'อำเภอ', 'เมือง', 'ลำปาง']"
เจ้าฟ้า เพชร รัตน ราช สุดา   สิริ โสภา พัณณ วดี,มี,"['พื้นที่', '44', 'ไร่', '3', 'งาน', '54', 'ตารางวา']"
โรงเรียนจักรคำคณาทร   จังหวัดลำพูน  ,เป็น,"['โรงเรียน', 'มัธยมศึกษา']"
โรงเรียนจักรคำคณาทร   จังหวัดลำพูน  ,ประจำ,['จังหวัดลำพูน']
โรงเรียนจักรคำคณาทร   จังหวัดลำพูน  ,คู่,"['กับ', 'โรงเรียน', 'ส่วนบุญ', 'โญป', 'ถัมภ์', 'ลำพูน']"
โรงเรียนจักรคำคณาทร   จังหวัดลำพูน  ,ในสังกัด,"['สำนักงานเขต', 'พื้นที่', 'การศึกษา', 'มัธยมศึกษา', 'เขต', '35']"
โรงเรียนจักรคำคณาทร   จังหวัดลำพูน  ,เป็น,"['โรงเรียนมัธยม', 'ของ', 'รัฐ', 'ขนาดใหญ่']"
โรงเรียนจักรคำคณาทร   จังหวัดลำพูน  ,ตั้งอยู่,"['เลขที่', '426', 'ถนน', 'เจริญ', 'ราษฎร์', 'ตำบล', 'ใน', 'เมือง', 'อำเภอ', 'เมือง', 'ลำพูน']"
จังหวัดลำพูน   ( ใน เขต,เทศบาลเมือง,"['ลำพูน', 'บน', 'เนื้อที่', '37', 'ไร่', '3', 'งาน', '17.80', 'ตารางวา', 'ปัจจุบัน', 'ห้องเรียน', 'ของ', 'มัธยมศึกษาตอนต้น']"
จังหวัดลำพูน   ( ใน เขต,มี,"['45', 'ห้องเรียน', 'และ', 'ห้องเรียน', 'ของ', 'มัธยมศึกษาตอนปลาย']"
จังหวัดลำพูน   ( ใน เขต,มี,"['42', 'ห้องเรียน']"
จังหวัดลำพูน   ( ใน เขต,รวม,"['87', 'ห้องเรียน']"
โรงเรียนมัธยมสาธิตมหาวิทยาลัยนเรศวร  ,เป็น,"['โรงเรียน', 'สหศึกษา', 'ระดับ', 'มัธยมศึกษา']"
โรงเรียนมัธยมสาธิตมหาวิทยาลัยนเรศวร  ,สังกัด,"['สำนักงาน', 'คณะกรรมการ', 'การอุดมศึกษา']"
โรงเรียนมัธยมสาธิตมหาวิทยาลัยนเรศวร  ,อยู่,['ใน']
โรงเรียนมัธยมสาธิตมหาวิทยาลัยนเรศวร  ,ดูแล,"['ของ', 'มหาวิทยาลัยนเรศวร', 'ก่อ']"
โรงเรียนมัธยมสาธิตมหาวิทยาลัยนเรศวร  ,ตั้งขึ้น,"['ปี', 'พ.ศ.', '2548', 'โดย', 'มติ', 'ของ', 'สภา', 'มหาวิทยาลัยนเรศวร']"
เพื่อให้,เป็น,['สถานที่']
เพื่อให้,ฝึกสอน,"['ของ', 'นิสิต', 'คณะศึกษาศาสตร์', 'ของ', 'มหาวิทยาลัย', 'และ']"
เพื่อให้,จัด,['การเรียน']
เพื่อให้,การสอน,"['ตาม', 'แนว', 'ศิลปศาสตร์', 'Liberal', 'Arts', 'Education']"
เพื่อให้,มี,"['ผศ.', 'ดร.', 'คง', 'ศักดิ์']"
เพื่อให้,พร้อม,['เทพ']
เพื่อให้,เป็น,"['ผู้อำนวยการ', 'แรก', 'โรงเรียนมัธยมสาธิตมหาวิทยาลัยนเรศวร']"
เพื่อให้,ตั้งอยู่,"['ที่', 'ถนน', 'สนามบิน', 'หมู่', '1']"
เพื่อให้,เป็นที่ตั้ง,"['ของ', 'มหาวิทยาลัยนเรศวร', 'ส่วน', 'สนามบิน']"
เพื่อให้,มี,"['พื้นที่', '60', 'ไร่']"
มหาวิทยาลัยราชภัฏเชียงราย    ( อังกฤษ :   Chiang   Rai   Rajabhat   University )  ,เป็น,"['มหาวิทยาลัย', 'ของ', 'รัฐ']"
มหาวิทยาลัยราชภัฏเชียงราย    ( อังกฤษ :   Chiang   Rai   Rajabhat   University )  ,ตั้งอยู่,"['ที่', 'ตำบล', 'บ้าน', 'ดู่', 'อำเภอ', 'เมือง', 'เชียงราย']"
จังหวัด เชียงราย  ,ก่อ,"['เมื่อ', 'ปี', 'พุทธศักราช', '2512']"
จังหวัด เชียงราย  ,ในนาม,"['ชื่อ', 'โรงเรียน']"
จังหวัด เชียงราย  ,ฝึกหัด,"['ครู', 'ประกาศนียบัตร', 'วิชา', 'การศึกษา', 'เชียงราย', 'ถึง', 'ปี', 'พุทธศักราช', '2516']"
จังหวัด เชียงราย  ,เป็น,"['วิทยาลัยครู', 'เชียงราย']"
มหาวิทยาลัยราชภัฏนครศรีธรรมราช   ( อังกฤษ :   Nakhon   Si   Thammarat   Rajabhat   University ;   อักษรย่อ :   มรภ. นศ. )   หรือ,เรียก,"['ราชภัฏ', 'นคร']"
มหาวิทยาลัยราชภัฏนครศรีธรรมราช   ( อังกฤษ :   Nakhon   Si   Thammarat   Rajabhat   University ;   อักษรย่อ :   มรภ. นศ. )   หรือ,เป็น,"['มหาวิทยาลัย', 'ใน', 'กลุ่ม', 'มหาวิทยาลัยราชภัฏ']"
มหาวิทยาลัยราชภัฏนครศรีธรรมราช   ( อังกฤษ :   Nakhon   Si   Thammarat   Rajabhat   University ;   อักษรย่อ :   มรภ. นศ. )   หรือ,ก่อตั้ง,"['ใน', 'ชื่อ', 'โรงเรียน']"
มหาวิทยาลัยราชภัฏนครศรีธรรมราช   ( อังกฤษ :   Nakhon   Si   Thammarat   Rajabhat   University ;   อักษรย่อ :   มรภ. นศ. )   หรือ,ฝึกหัด,"['ครู', 'นครศรีธรรมราช']"
เมื่อ วันที่   9   มกราคม   พ.ศ.   2500  ,ตั้งอยู่,"['ที่', 'ตำบล', 'ท่า', 'งิ้ว', 'อำเภอ', 'เมือง', 'นครศรีธรรมราช']"
"จังหวัด นครศรีธรรมราช 
 ปัจจุบัน มหาวิทยาลัยราชภัฏนครศรีธรรมราช",จัด,['การศึกษา']
"จังหวัด นครศรีธรรมราช 
 ปัจจุบัน มหาวิทยาลัยราชภัฏนครศรีธรรมราช",ครอบคลุม,"['ทาง', 'ด้าน', 'สังคมศาสตร์', 'และ', 'มนุษยศาสตร์', 'วิทยาศาสตร์', 'และ', 'เทคโนโลยี']"
"จังหวัด นครศรีธรรมราช 
 ปัจจุบัน มหาวิทยาลัยราชภัฏนครศรีธรรมราช",ประกอบ,"['ด้วย', '5', '1', 'วิทยาลัย', '1', 'สถาบัน', 'จำนวน', 'หลักสูตร', 'ระดับ', 'จำนวน', '53', 'หลักสูตร']"
"จังหวัด นครศรีธรรมราช 
 ปัจจุบัน มหาวิทยาลัยราชภัฏนครศรีธรรมราช",เป็น,"['ระดับ', 'ปริญญาตรี', '43', 'หลักสูตร', 'ประกาศนียบัตร', 'บัณฑิต', '1', 'หลักสูตร', 'ปริญญาโท', '8', 'หลักสูตร', 'และ', 'ปริญญาเอก', '2', 'หลักสูตร', '  ']"
นอกจากนี้ มหาวิทยาลัยราชภัฏนครศรีธรรมราช  ,เป็น,"['อันดับ', '69', 'ของ', 'ประเทศ', 'ไทย']"
มหาวิทยาลัยราชภัฏพระนคร   ( อังกฤษ :   Phranakhon   Rajabhat   University ;   อักษรย่อ :   มรภ. พน .   –   PNRU )  ,เป็น,"['มหาวิทยาลัย', 'ของ', 'รัฐ', 'ในประเทศ', 'ไทย']"
มหาวิทยาลัยราชภัฏพระนคร   ( อังกฤษ :   Phranakhon   Rajabhat   University ;   อักษรย่อ :   มรภ. พน .   –   PNRU )  ,จัด,"['ใน', 'กลุ่ม', 'มหาวิทยาลัยราชภัฏ']"
มหาวิทยาลัยราชภัฏพระนคร   ( อังกฤษ :   Phranakhon   Rajabhat   University ;   อักษรย่อ :   มรภ. พน .   –   PNRU )  ,ตั้งอยู่,"['ใน', 'เขต', 'เขน', 'กรุงเทพมหานคร']"
มหาวิทยาลัยราชภัฏพระนคร   ( อังกฤษ :   Phranakhon   Rajabhat   University ;   อักษรย่อ :   มรภ. พน .   –   PNRU )  ,ทำ,"['การสอน', 'เมื่อ', 'ปี', 'พ.ศ.', '2435']"
มหาวิทยาลัยราชภัฏพระนคร   ( อังกฤษ :   Phranakhon   Rajabhat   University ;   อักษรย่อ :   มรภ. พน .   –   PNRU )  ,เป็น,"['สถานศึกษา', 'ด้าน']"
มหาวิทยาลัยราชภัฏพระนคร   ( อังกฤษ :   Phranakhon   Rajabhat   University ;   อักษรย่อ :   มรภ. พน .   –   PNRU )  ,ฝึกหัด,"['ครู', 'แห่ง', 'แรก', 'ของ', 'ประเทศ', 'ไทย']"
มหาวิทยาลัยราชภัฏพิบูลสงคราม   ( อังกฤษ :   Pibulsongkram   Rajabhat   University ;   อักษรย่อ :   มร พส.   /   PSRU )  ,เป็น,"['มหาวิทยาลัย', 'ของ', 'รัฐ', 'ใน', 'กลุ่ม', 'มหาวิทยาลัยราชภัฏ']"
มหาวิทยาลัยราชภัฏพิบูลสงคราม   ( อังกฤษ :   Pibulsongkram   Rajabhat   University ;   อักษรย่อ :   มร พส.   /   PSRU )  ,ตั้งอยู่,"['ใน', 'จังหวัด', 'พิษณุโลก']"
มหาวิทยาลัยราชภัฏพิบูลสงคราม   ( อังกฤษ :   Pibulsongkram   Rajabhat   University ;   อักษรย่อ :   มร พส.   /   PSRU )  ,เริ่ม,['ก่อน']
มหาวิทยาลัยราชภัฏพิบูลสงคราม   ( อังกฤษ :   Pibulsongkram   Rajabhat   University ;   อักษรย่อ :   มร พส.   /   PSRU )  ,ตั้งขึ้น,"['ใน', 'ปี', 'พ.ศ.', '2464', 'ในนาม', 'โรงเรียน', 'พิษณุโลก', 'วิทยายน', 'มีประวัติ', 'การเปลี่ยนแปลง', 'ต่อ', 'หลายครั้ง', 'และ']"
มหาวิทยาลัยราชภัฏพิบูลสงคราม   ( อังกฤษ :   Pibulsongkram   Rajabhat   University ;   อักษรย่อ :   มร พส.   /   PSRU )  ,เป็น,['สถาบันการศึกษา']
มหาวิทยาลัยราชภัฏพิบูลสงคราม   ( อังกฤษ :   Pibulsongkram   Rajabhat   University ;   อักษรย่อ :   มร พส.   /   PSRU )  ,มีชื่อเสียง,"['ใน', 'การผลิต', 'บุ', 'คค', 'ลา', 'กร', 'ทาง', 'การศึกษา', 'ของ', 'ประเทศ']"
มหาวิทยาลัยราชภัฏภูเก็ต   ( อังกฤษ :   Phuket   Rajabhat   University )  ,ตั้งอยู่,"['ณ', 'ต.', 'รัษฎา']"
อ. เมือง   จังหวัด ภูเก็ต   บน ที่ดิน เนื้อที่ ประมาณ   354   ไร่   78   ตารางวา   ซึ่ง,เป็น,"['ที่ดิน', 'ของ', 'องค์การบริหารส่วนจังหวัด', 'ภูเก็ต', '78', 'ไร่', 'ที่ดิน']"
อ. เมือง   จังหวัด ภูเก็ต   บน ที่ดิน เนื้อที่ ประมาณ   354   ไร่   78   ตารางวา   ซึ่ง,รับบริจาค,"['จาก', 'ขุน', 'เลิศ', 'โภ', 'คา', 'รักษ์', 'และ', 'ทายาท', '273', 'ไร่', 'และ']"
อ. เมือง   จังหวัด ภูเก็ต   บน ที่ดิน เนื้อที่ ประมาณ   354   ไร่   78   ตารางวา   ซึ่ง,รับบริจาค,"['จาก', 'นาย', 'โสภณ', 'เอก', 'วานิช', '3', 'ไร่', '78', 'ตารางวา']"
อ. เมือง   จังหวัด ภูเก็ต   บน ที่ดิน เนื้อที่ ประมาณ   354   ไร่   78   ตารางวา   ซึ่ง,จัด,['การศึกษา']
อ. เมือง   จังหวัด ภูเก็ต   บน ที่ดิน เนื้อที่ ประมาณ   354   ไร่   78   ตารางวา   ซึ่ง,เป็น,['ภาค']
อ. เมือง   จังหวัด ภูเก็ต   บน ที่ดิน เนื้อที่ ประมาณ   354   ไร่   78   ตารางวา   ซึ่ง,เป็น,"['ระดับ', 'ปริญญาตรี', 'จันทร์', 'ศุกร์', 'และ', 'ระดับ', 'ปริ', 'ญา', 'ตรี', 'เสาร์', 'อาทิตย์', 'และ', 'ภาค']"
อ. เมือง   จังหวัด ภูเก็ต   บน ที่ดิน เนื้อที่ ประมาณ   354   ไร่   78   ตารางวา   ซึ่ง,ได้แก่,"['  ', 'ระดับ', 'ประกาศนียบัตร', 'บัณฑิต', 'ระดับ', 'ประกาศนียบัตร', 'บัณฑิต']"
อ. เมือง   จังหวัด ภูเก็ต   บน ที่ดิน เนื้อที่ ประมาณ   354   ไร่   78   ตารางวา   ซึ่ง,ชั้นสูง,"['ระดับ', 'ปริญญาโท', 'และ', 'ระดับ', 'ปริญญาเอก']"
"มหาวิทยาลัยราชภัฏมหาสารคาม    ( อังกฤษ :   Rajabhat   Maha   Sarakham    University ,   อักษรย่อ :   มร ม.   –   RMU )  ",เป็น,"['สถาบัน', 'อุดมศึกษา', 'ของ', 'รัฐ', 'ใน', 'จังหวัด', 'มหาสารคาม']"
"มหาวิทยาลัยราชภัฏมหาสารคาม    ( อังกฤษ :   Rajabhat   Maha   Sarakham    University ,   อักษรย่อ :   มร ม.   –   RMU )  ",พัฒนา,"['วิทยาลัยครู', 'มหาสารคาม']"
"มหาวิทยาลัยราชภัฏมหาสารคาม    ( อังกฤษ :   Rajabhat   Maha   Sarakham    University ,   อักษรย่อ :   มร ม.   –   RMU )  ",จัดตั้ง,"['ใน', 'ปี', 'พ.ศ.', '2505', 'และ', 'สถาบัน', 'ราชภัฏ', 'มหาสารคาม', 'ใน', 'ปี', 'พ.ศ.', '2535', 'ตัว', 'มหาวิทยาลัย']"
"มหาวิทยาลัยราชภัฏมหาสารคาม    ( อังกฤษ :   Rajabhat   Maha   Sarakham    University ,   อักษรย่อ :   มร ม.   –   RMU )  ",ตั้งอยู่,"['ใน', 'ตัวเมือง', 'มหาสารคาม']"
"มหาวิทยาลัยราชภัฏมหาสารคาม    ( อังกฤษ :   Rajabhat   Maha   Sarakham    University ,   อักษรย่อ :   มร ม.   –   RMU )  ",ใกล้,"['กับ', 'มหาวิทยาลัย', 'มหาสารคาม']"
มหาวิทยาลัยราชภัฏร้อยเอ็ด   ( อังกฤษ :   Roi   Et   Rajabhat   University )  ,สอน,"['ใน', 'ระดับ', 'ปริญญาตรี', 'ปริญญาโท', 'และ', 'ปริญญาเอก']"
มหาวิทยาลัยราชภัฏร้อยเอ็ด   ( อังกฤษ :   Roi   Et   Rajabhat   University )  ,จัดตั้ง,"['โดย', 'นาย', 'สุข', 'วิ', 'ช', 'รังสิต', 'พล', 'รัฐมนตรี', 'ว่าการ', 'กระทรวงศึกษาธิการ', 'ในขณะนั้น']"
มหาวิทยาลัยราชภัฏร้อยเอ็ด   ( อังกฤษ :   Roi   Et   Rajabhat   University )  ,ตอบ,"['สนองความต้องการ', 'และ']"
มหาวิทยาลัยราชภัฏร้อยเอ็ด   ( อังกฤษ :   Roi   Et   Rajabhat   University )  ,กระจาย,"['โอกาส', 'ทาง', 'การศึกษา', 'ของ', 'ประชากร', 'ใน', 'ระดับ', 'ภูมิภาค']"
โดย,จัดตั้ง,"['พร้อมกับ', 'สถาบัน', 'ราชภัฏ', '4', 'แห่ง', 'ได้แก่', 'สถาบัน', 'ราชภัฏ', 'ชัยภูมิ', 'สถาบัน', 'ราชภัฏ', 'ศรีสะเกษ', 'สถาบัน', 'ราชภัฏ', 'นครพนม', 'ปัจจุบัน']"
โดย,รวม,"['เข้ากับ', 'มหาวิทยาลัย', 'นครพนม', 'และ', 'สถาบัน', 'ราชภัฏ', 'กาฬสินธุ์', 'ปัจจุบัน']"
โดย,เป็น,['มหาวิทยาลัย']
โดย,กาฬสินธุ์,"['\n', '\n', 'ผู้สำเร็จการศึกษา', 'จาก', 'มหาวิทยาลัยราชภัฏร้อยเอ็ด']"
โดย,ได้รับ,"['พระราชทาน', 'ปริญญาบัตร']"
โดย,พระ,"['บาท', 'สมเด็จ', 'พระ']"
โดย,บรม,"['ชน', 'กา', 'ธิเบศร', 'มหา', 'ภูมิพล', 'อดุลยเดช', 'มหาราช', 'บรม', 'นาถ', 'บพิตร', 'ทรง', 'พระ', 'กรุณา', 'โปรดเกล้าฯ', 'พระราชทาน', 'พระบาทสมเด็จพระวชิรเกล้าเจ้าอยู่หัว', 'เสด็จพระราชดำเนิน']"
โดย,แทน,"['พระองค์', 'เป็นประจำ', 'ทุกปี', 'ณ', 'หอประชุม', 'มหา', 'ว', 'ชิ', 'รา', 'กร', 'ณ', 'มหาวิทยาลัยราชภัฏ', 'สกลนคร']"
มหาวิทยาลัยราชภัฏรำไพพรรณี   ( อังกฤษ :   Rambhai   Barni   Rajabhat   University )  ,เป็น,"['สถาบัน', 'อุดมศึกษา']"
มหาวิทยาลัยราชภัฏรำไพพรรณี   ( อังกฤษ :   Rambhai   Barni   Rajabhat   University )  ,สังกัด,"['สำนักงาน', 'คณะกรรมการ', 'อุดมศึกษา', 'กระทรวงศึกษาธิการ']"
มหาวิทยาลัยราชภัฏรำไพพรรณี   ( อังกฤษ :   Rambhai   Barni   Rajabhat   University )  ,ตั้งอยู่,"['เลขที่', '41', 'หมู่', '5', 'ตำบล', 'ท่า', 'ช้าง', 'อำเภอ']"
มหาวิทยาลัยราชภัฏรำไพพรรณี   ( อังกฤษ :   Rambhai   Barni   Rajabhat   University )  ,เมือง,['จันทบุรี']
มหาวิทยาลัยราชภัฏรำไพพรรณี   ( อังกฤษ :   Rambhai   Barni   Rajabhat   University )  ,ห่าง,"['จาก', 'ตัวเมือง', 'จันทบุรี', '6', 'กิโลเมตร', 'บริเวณ']"
มหาวิทยาลัยราชภัฏรำไพพรรณี   ( อังกฤษ :   Rambhai   Barni   Rajabhat   University )  ,ไร่,['ยา']
มหาวิทยาลัยราชภัฏรำไพพรรณี   ( อังกฤษ :   Rambhai   Barni   Rajabhat   University )  ,มี,"['เนื้อที่', '720', 'ไร่', '3', 'งาน']"
มหาวิทยาลัยราชภัฏลำปาง    ( อังกฤษ :   Lampang   Rajabhat   University )  ,เป็น,"['มหาวิทยาลัย', 'ของ', 'รัฐ']"
มหาวิทยาลัยราชภัฏลำปาง    ( อังกฤษ :   Lampang   Rajabhat   University )  ,ตั้งอยู่,"['ที่', 'อำเภอ', 'เมือง', 'ลำปาง']"
จังหวัด ลำปาง   มหาวิทยาลัยราชภัฏลำปาง มีชื่อ,เดิม,"['ว่า', 'วิทยาลัยครู', 'ลำปาง', 'ก่อ']"
จังหวัด ลำปาง   มหาวิทยาลัยราชภัฏลำปาง มีชื่อ,ตั้งขึ้น,"['วันที่', '9', 'มิถุนายน', 'พ.ศ.', '2514']"
จังหวัด ลำปาง   มหาวิทยาลัยราชภัฏลำปาง มีชื่อ,ตั้งอยู่,"['เลขที่', '119', '  ', 'ถนน', 'ลำปาง', 'แม่', 'ทะ', 'บ้าน', 'หนอง', 'หัวหงอก']"
